ISO-10303-21;
HEADER;
FILE_DESCRIPTION(('STEP AP203'),
    '1');
FILE_NAME('Сборка Регистратор',
    '',
    ('UNSPECIFIED'),
    ('UNSPECIFIED'),
    'C3D Converter',
    'C3D Toolkit',
    '');
FILE_SCHEMA(('CONFIG_CONTROL_DESIGN'));
ENDSEC;

DATA;
#1=PRODUCT_DEFINITION('','UNSPECIFIED',#15,#18);
#2=SHAPE_DEFINITION_REPRESENTATION(#13,#3);
#3=SHAPE_REPRESENTATION('NONE',(#4,#40,#113),#8);
#4=AXIS2_PLACEMENT_3D('',#5,#6,#7);
#5=CARTESIAN_POINT('',(0.,0.,0.));
#6=DIRECTION('',(0.,0.,1.));
#7=DIRECTION('',(1.,0.,0.));
#8=(GEOMETRIC_REPRESENTATION_CONTEXT(3)GLOBAL_UNCERTAINTY_ASSIGNED_CONTEXT((#10))
GLOBAL_UNIT_ASSIGNED_CONTEXT((#9,#11,#12))REPRESENTATION_CONTEXT('NONE','NONE'));
#9=(LENGTH_UNIT()NAMED_UNIT(*)SI_UNIT(.MILLI.,.METRE.));
#10=UNCERTAINTY_MEASURE_WITH_UNIT(LENGTH_MEASURE(1.E-5),#9,'NONE','NONE');
#11=(NAMED_UNIT(*)PLANE_ANGLE_UNIT()SI_UNIT($,.RADIAN.));
#12=(NAMED_UNIT(*)SI_UNIT($,.STERADIAN.)SOLID_ANGLE_UNIT());
#13=PRODUCT_DEFINITION_SHAPE('NONE','NONE',#1);
#14=MECHANICAL_CONTEXT('NONE',#19,'mechanical');
#15=PRODUCT_DEFINITION_FORMATION_WITH_SPECIFIED_SOURCE('ANY','UNSPECIFIED',#16,.NOT_KNOWN.);
#16=PRODUCT('','\X2\042004350433043804410442044004300442043E0440\X0\','NONE',(#14));
#17=PRODUCT_RELATED_PRODUCT_CATEGORY('assembly','',(#16));
#18=DESIGN_CONTEXT('detailed design',#19,'design');
#19=APPLICATION_CONTEXT('configuration controlled 3d designs of mechanical parts and assemblies');
#20=APPLICATION_PROTOCOL_DEFINITION('international standard','config_control_design',
1994,#19);
#21=CC_DESIGN_DATE_AND_TIME_ASSIGNMENT(#22,#26,(#1));
#22=DATE_AND_TIME(#23,#24);
#23=CALENDAR_DATE(0,1,1);
#24=LOCAL_TIME(0,0,0.,#25);
#25=COORDINATED_UNIVERSAL_TIME_OFFSET(0,0,.AHEAD.);
#26=DATE_TIME_ROLE('creation_date');
#27=CC_DESIGN_APPROVAL(#28,(#1));
#28=APPROVAL(#29,'UNSPECIFIED');
#29=APPROVAL_STATUS('not_yet_approved');
#30=APPROVAL_DATE_TIME(#31,#28);
#31=DATE_AND_TIME(#32,#33);
#32=CALENDAR_DATE(0,1,1);
#33=LOCAL_TIME(0,0,0.,#34);
#34=COORDINATED_UNIVERSAL_TIME_OFFSET(0,0,.AHEAD.);
#35=PERSON('UNSPECIFIED','timof','UNSPECIFIED',('UNSPECIFIED'),('UNSPECIFIED'),(
'UNSPECIFIED'));
#36=ORGANIZATION('UNSPECIFIED','UNSPECIFIED','UNSPECIFIED');
#37=PERSON_AND_ORGANIZATION(#35,#36);
#38=PERSON_AND_ORGANIZATION_ROLE('creator');
#39=CC_DESIGN_PERSON_AND_ORGANIZATION_ASSIGNMENT(#37,#38,(#15,#1));
#40=AXIS2_PLACEMENT_3D('',#41,#42,#43);
#41=CARTESIAN_POINT('',(0.,0.,0.));
#42=DIRECTION('',(0.,0.,1.));
#43=DIRECTION('',(1.,0.,0.));
#44=PRODUCT_DEFINITION('','UNSPECIFIED',#66,#69);
#45=SHAPE_DEFINITION_REPRESENTATION(#64,#46);
#46=SHAPE_REPRESENTATION('NONE',(#4),#8);
#47=MANIFOLD_SOLID_BREP('',#48);
#48=CLOSED_SHELL('',(#181,#182,#183,#184,#185,#186,#187,#188,#189,#190,#191,#192,
#193,#194,#195,#196,#197,#198,#199,#200,#201,#202,#203,#204,#205,#206,#207,#208,
#209,#210,#211,#212,#213,#214,#215,#216,#217,#218,#219,#220,#221,#222,#223,#224,
#225,#226,#227,#228,#229,#230,#231,#232,#233,#234,#235));
#49=COLOUR_RGB('',0.564705882352941,0.564705882352941,0.564705882352941);
#50=FILL_AREA_STYLE_COLOUR('',#49);
#51=FILL_AREA_STYLE($,(#50));
#52=SURFACE_STYLE_FILL_AREA(#51);
#53=SURFACE_SIDE_STYLE('',(#52));
#54=SURFACE_STYLE_USAGE(.BOTH.,#53);
#55=PRESENTATION_STYLE_ASSIGNMENT((#54));
#56=MECHANICAL_DESIGN_GEOMETRIC_PRESENTATION_REPRESENTATION('NONE',(#57,#129),#8);
#57=STYLED_ITEM('',(#55),#47);
#58=ADVANCED_BREP_SHAPE_REPRESENTATION('NONE',(#47),#8);
#59=SHAPE_REPRESENTATION_RELATIONSHIP('','',#46,#58);
#60=GEOMETRIC_CURVE_SET('',(#236));
#61=GEOMETRIC_CURVE_SET('',(#237));
#62=GEOMETRICALLY_BOUNDED_WIREFRAME_SHAPE_REPRESENTATION('NONE',(#60,#61),#8);
#63=SHAPE_REPRESENTATION_RELATIONSHIP('','',#46,#62);
#64=PRODUCT_DEFINITION_SHAPE('NONE','NONE',#44);
#65=MECHANICAL_CONTEXT('NONE',#70,'mechanical');
#66=PRODUCT_DEFINITION_FORMATION_WITH_SPECIFIED_SOURCE('ANY','UNSPECIFIED',#67,.NOT_KNOWN.);
#67=PRODUCT('','\X2\041A043E0440043F04430441\X0\','NONE',(#65));
#68=PRODUCT_RELATED_PRODUCT_CATEGORY('detail','',(#67));
#69=DESIGN_CONTEXT('detailed design',#70,'design');
#70=APPLICATION_CONTEXT('configuration controlled 3d designs of mechanical parts and assemblies');
#71=APPLICATION_PROTOCOL_DEFINITION('international standard','config_control_design',
1994,#70);
#72=CC_DESIGN_DATE_AND_TIME_ASSIGNMENT(#73,#77,(#44));
#73=DATE_AND_TIME(#74,#75);
#74=CALENDAR_DATE(0,1,1);
#75=LOCAL_TIME(0,0,0.,#76);
#76=COORDINATED_UNIVERSAL_TIME_OFFSET(0,0,.AHEAD.);
#77=DATE_TIME_ROLE('creation_date');
#78=CC_DESIGN_APPROVAL(#79,(#44));
#79=APPROVAL(#80,'UNSPECIFIED');
#80=APPROVAL_STATUS('not_yet_approved');
#81=APPROVAL_DATE_TIME(#82,#79);
#82=DATE_AND_TIME(#83,#84);
#83=CALENDAR_DATE(0,1,1);
#84=LOCAL_TIME(0,0,0.,#85);
#85=COORDINATED_UNIVERSAL_TIME_OFFSET(0,0,.AHEAD.);
#86=PERSON('UNSPECIFIED','timof','UNSPECIFIED',('UNSPECIFIED'),('UNSPECIFIED'),(
'UNSPECIFIED'));
#87=ORGANIZATION('UNSPECIFIED','UNSPECIFIED','UNSPECIFIED');
#88=PERSON_AND_ORGANIZATION(#86,#87);
#89=PERSON_AND_ORGANIZATION_ROLE('creator');
#90=CC_DESIGN_PERSON_AND_ORGANIZATION_ASSIGNMENT(#88,#89,(#66,#44));
#91=ITEM_DEFINED_TRANSFORMATION('','',#4,#40);
#92=(REPRESENTATION_RELATIONSHIP('','',#46,#3)REPRESENTATION_RELATIONSHIP_WITH_TRANSFORMATION(
#91)SHAPE_REPRESENTATION_RELATIONSHIP());
#93=NEXT_ASSEMBLY_USAGE_OCCURRENCE('ANY','\X2\042004350433043804410442044004300442043E0440\X0\',
'',#1,#44,'');
#94=CC_DESIGN_SECURITY_CLASSIFICATION(#95,(#93));
#95=SECURITY_CLASSIFICATION('','',#96);
#96=SECURITY_CLASSIFICATION_LEVEL('unclassified');
#97=CC_DESIGN_DATE_AND_TIME_ASSIGNMENT(#98,#102,(#95));
#98=DATE_AND_TIME(#99,#100);
#99=CALENDAR_DATE(0,1,1);
#100=LOCAL_TIME(0,0,0.,#101);
#101=COORDINATED_UNIVERSAL_TIME_OFFSET(0,0,.AHEAD.);
#102=DATE_TIME_ROLE('classification_date');
#103=CC_DESIGN_APPROVAL(#104,(#95));
#104=APPROVAL(#105,'UNSPECIFIED');
#105=APPROVAL_STATUS('not_yet_approved');
#106=APPROVAL_DATE_TIME(#107,#104);
#107=DATE_AND_TIME(#108,#109);
#108=CALENDAR_DATE(0,1,1);
#109=LOCAL_TIME(0,0,0.,#110);
#110=COORDINATED_UNIVERSAL_TIME_OFFSET(0,0,.AHEAD.);
#111=PRODUCT_DEFINITION_SHAPE('NONE','NONE',#93);
#112=CONTEXT_DEPENDENT_SHAPE_REPRESENTATION(#92,#111);
#113=AXIS2_PLACEMENT_3D('',#114,#115,#116);
#114=CARTESIAN_POINT('',(0.,0.,18.));
#115=DIRECTION('',(0.,0.,1.));
#116=DIRECTION('',(6.12323399573677E-17,1.,0.));
#117=PRODUCT_DEFINITION('','UNSPECIFIED',#134,#137);
#118=SHAPE_DEFINITION_REPRESENTATION(#132,#119);
#119=SHAPE_REPRESENTATION('NONE',(#4),#8);
#120=MANIFOLD_SOLID_BREP('',#121);
#121=CLOSED_SHELL('',(#238,#239,#240,#241,#242,#243,#244,#245,#246,#247,#248,#249,
#250,#251,#252,#253,#254,#255,#256,#257));
#122=COLOUR_RGB('',0.564705882352941,0.564705882352941,0.564705882352941);
#123=FILL_AREA_STYLE_COLOUR('',#122);
#124=FILL_AREA_STYLE($,(#123));
#125=SURFACE_STYLE_FILL_AREA(#124);
#126=SURFACE_SIDE_STYLE('',(#125));
#127=SURFACE_STYLE_USAGE(.BOTH.,#126);
#128=PRESENTATION_STYLE_ASSIGNMENT((#127));
#129=STYLED_ITEM('',(#128),#120);
#130=ADVANCED_BREP_SHAPE_REPRESENTATION('NONE',(#120),#8);
#131=SHAPE_REPRESENTATION_RELATIONSHIP('','',#119,#130);
#132=PRODUCT_DEFINITION_SHAPE('NONE','NONE',#117);
#133=MECHANICAL_CONTEXT('NONE',#138,'mechanical');
#134=PRODUCT_DEFINITION_FORMATION_WITH_SPECIFIED_SOURCE('ANY','UNSPECIFIED',#135,
.NOT_KNOWN.);
#135=PRODUCT('','\X2\041A0440044B0448043A0430\X0\','NONE',(#133));
#136=PRODUCT_RELATED_PRODUCT_CATEGORY('detail','',(#135));
#137=DESIGN_CONTEXT('detailed design',#138,'design');
#138=APPLICATION_CONTEXT('configuration controlled 3d designs of mechanical parts and assemblies');
#139=APPLICATION_PROTOCOL_DEFINITION('international standard','config_control_design',
1994,#138);
#140=CC_DESIGN_DATE_AND_TIME_ASSIGNMENT(#141,#145,(#117));
#141=DATE_AND_TIME(#142,#143);
#142=CALENDAR_DATE(0,1,1);
#143=LOCAL_TIME(0,0,0.,#144);
#144=COORDINATED_UNIVERSAL_TIME_OFFSET(0,0,.AHEAD.);
#145=DATE_TIME_ROLE('creation_date');
#146=CC_DESIGN_APPROVAL(#147,(#117));
#147=APPROVAL(#148,'UNSPECIFIED');
#148=APPROVAL_STATUS('not_yet_approved');
#149=APPROVAL_DATE_TIME(#150,#147);
#150=DATE_AND_TIME(#151,#152);
#151=CALENDAR_DATE(0,1,1);
#152=LOCAL_TIME(0,0,0.,#153);
#153=COORDINATED_UNIVERSAL_TIME_OFFSET(0,0,.AHEAD.);
#154=PERSON('UNSPECIFIED','timof','UNSPECIFIED',('UNSPECIFIED'),('UNSPECIFIED'),
('UNSPECIFIED'));
#155=ORGANIZATION('UNSPECIFIED','UNSPECIFIED','UNSPECIFIED');
#156=PERSON_AND_ORGANIZATION(#154,#155);
#157=PERSON_AND_ORGANIZATION_ROLE('creator');
#158=CC_DESIGN_PERSON_AND_ORGANIZATION_ASSIGNMENT(#156,#157,(#134,#117));
#159=ITEM_DEFINED_TRANSFORMATION('','',#4,#113);
#160=(REPRESENTATION_RELATIONSHIP('','',#119,#3)REPRESENTATION_RELATIONSHIP_WITH_TRANSFORMATION(
#159)SHAPE_REPRESENTATION_RELATIONSHIP());
#161=NEXT_ASSEMBLY_USAGE_OCCURRENCE('ANY','\X2\042004350433043804410442044004300442043E0440\X0\',
'',#1,#117,'');
#162=CC_DESIGN_SECURITY_CLASSIFICATION(#163,(#161));
#163=SECURITY_CLASSIFICATION('','',#164);
#164=SECURITY_CLASSIFICATION_LEVEL('unclassified');
#165=CC_DESIGN_DATE_AND_TIME_ASSIGNMENT(#166,#170,(#163));
#166=DATE_AND_TIME(#167,#168);
#167=CALENDAR_DATE(0,1,1);
#168=LOCAL_TIME(0,0,0.,#169);
#169=COORDINATED_UNIVERSAL_TIME_OFFSET(0,0,.AHEAD.);
#170=DATE_TIME_ROLE('classification_date');
#171=CC_DESIGN_APPROVAL(#172,(#163));
#172=APPROVAL(#173,'UNSPECIFIED');
#173=APPROVAL_STATUS('not_yet_approved');
#174=APPROVAL_DATE_TIME(#175,#172);
#175=DATE_AND_TIME(#176,#177);
#176=CALENDAR_DATE(0,1,1);
#177=LOCAL_TIME(0,0,0.,#178);
#178=COORDINATED_UNIVERSAL_TIME_OFFSET(0,0,.AHEAD.);
#179=PRODUCT_DEFINITION_SHAPE('NONE','NONE',#161);
#180=CONTEXT_DEPENDENT_SHAPE_REPRESENTATION(#160,#179);
#181=ADVANCED_FACE('',(#258,#260),#262,.T.);
#182=ADVANCED_FACE('',(#267),#269,.F.);
#183=ADVANCED_FACE('',(#274),#276,.F.);
#184=ADVANCED_FACE('',(#281),#283,.F.);
#185=ADVANCED_FACE('',(#288),#290,.F.);
#186=ADVANCED_FACE('',(#295),#297,.T.);
#187=ADVANCED_FACE('',(#302),#304,.T.);
#188=ADVANCED_FACE('',(#309),#311,.T.);
#189=ADVANCED_FACE('',(#316),#318,.T.);
#190=ADVANCED_FACE('',(#323),#325,.T.);
#191=ADVANCED_FACE('',(#330),#332,.T.);
#192=ADVANCED_FACE('',(#337),#339,.T.);
#193=ADVANCED_FACE('',(#344),#346,.T.);
#194=ADVANCED_FACE('',(#351),#353,.T.);
#195=ADVANCED_FACE('',(#358,#360,#362,#364,#366,#368,#370),#372,.F.);
#196=ADVANCED_FACE('',(#377,#379),#381,.F.);
#197=ADVANCED_FACE('',(#386),#388,.T.);
#198=ADVANCED_FACE('',(#393),#395,.T.);
#199=ADVANCED_FACE('',(#400,#402),#404,.F.);
#200=ADVANCED_FACE('',(#409),#411,.T.);
#201=ADVANCED_FACE('',(#416),#418,.T.);
#202=ADVANCED_FACE('',(#423,#425),#427,.F.);
#203=ADVANCED_FACE('',(#432),#434,.T.);
#204=ADVANCED_FACE('',(#439),#441,.T.);
#205=ADVANCED_FACE('',(#446,#448),#450,.F.);
#206=ADVANCED_FACE('',(#455),#457,.T.);
#207=ADVANCED_FACE('',(#462),#464,.T.);
#208=ADVANCED_FACE('',(#469,#471),#473,.F.);
#209=ADVANCED_FACE('',(#478),#480,.T.);
#210=ADVANCED_FACE('',(#485),#487,.T.);
#211=ADVANCED_FACE('',(#492,#494),#496,.F.);
#212=ADVANCED_FACE('',(#501),#503,.T.);
#213=ADVANCED_FACE('',(#508),#510,.T.);
#214=ADVANCED_FACE('',(#515),#517,.T.);
#215=ADVANCED_FACE('',(#522),#524,.T.);
#216=ADVANCED_FACE('',(#529),#531,.T.);
#217=ADVANCED_FACE('',(#536),#538,.T.);
#218=ADVANCED_FACE('',(#543),#545,.T.);
#219=ADVANCED_FACE('',(#550),#552,.T.);
#220=ADVANCED_FACE('',(#557),#559,.T.);
#221=ADVANCED_FACE('',(#564),#566,.T.);
#222=ADVANCED_FACE('',(#571),#573,.T.);
#223=ADVANCED_FACE('',(#578),#580,.T.);
#224=ADVANCED_FACE('',(#585),#587,.F.);
#225=ADVANCED_FACE('',(#592),#594,.F.);
#226=ADVANCED_FACE('',(#599),#601,.F.);
#227=ADVANCED_FACE('',(#606),#608,.F.);
#228=ADVANCED_FACE('',(#613),#615,.F.);
#229=ADVANCED_FACE('',(#620),#622,.F.);
#230=ADVANCED_FACE('',(#627),#629,.F.);
#231=ADVANCED_FACE('',(#634),#636,.F.);
#232=ADVANCED_FACE('',(#641,#643),#645,.F.);
#233=ADVANCED_FACE('',(#650,#652),#654,.F.);
#234=ADVANCED_FACE('',(#659,#661),#663,.F.);
#235=ADVANCED_FACE('',(#668,#670),#672,.F.);
#236=CARTESIAN_POINT('',(30.,3.67394039744206E-15,5.));
#237=CARTESIAN_POINT('',(-30.,-3.67394039744206E-15,5.));
#238=ADVANCED_FACE('',(#677,#679),#681,.T.);
#239=ADVANCED_FACE('',(#686,#688),#690,.F.);
#240=ADVANCED_FACE('',(#695,#697),#699,.F.);
#241=ADVANCED_FACE('',(#704),#706,.T.);
#242=ADVANCED_FACE('',(#711),#713,.T.);
#243=ADVANCED_FACE('',(#718),#720,.T.);
#244=ADVANCED_FACE('',(#725),#727,.T.);
#245=ADVANCED_FACE('',(#732),#734,.T.);
#246=ADVANCED_FACE('',(#739),#741,.T.);
#247=ADVANCED_FACE('',(#746),#748,.T.);
#248=ADVANCED_FACE('',(#753),#755,.T.);
#249=ADVANCED_FACE('',(#760),#762,.F.);
#250=ADVANCED_FACE('',(#767),#769,.F.);
#251=ADVANCED_FACE('',(#774),#776,.F.);
#252=ADVANCED_FACE('',(#781),#783,.F.);
#253=ADVANCED_FACE('',(#788),#790,.F.);
#254=ADVANCED_FACE('',(#795),#797,.F.);
#255=ADVANCED_FACE('',(#802),#804,.F.);
#256=ADVANCED_FACE('',(#809),#811,.F.);
#257=ADVANCED_FACE('',(#816,#818),#820,.F.);
#258=FACE_BOUND('',#259,.T.);
#259=EDGE_LOOP('',(#825,#826,#827,#828,#829,#830,#831,#832));
#260=FACE_BOUND('',#261,.T.);
#261=EDGE_LOOP('',(#833,#834,#835,#836));
#262=PLANE('',#263);
#263=AXIS2_PLACEMENT_3D('',#264,#265,#266);
#264=CARTESIAN_POINT('',(0.,0.,15.));
#265=DIRECTION('',(0.,0.,1.));
#266=DIRECTION('',(6.12323399573677E-17,1.,0.));
#267=FACE_BOUND('',#268,.T.);
#268=EDGE_LOOP('',(#837,#838,#839,#840));
#269=PLANE('',#270);
#270=AXIS2_PLACEMENT_3D('',#271,#272,#273);
#271=CARTESIAN_POINT('',(23.5,48.5,3.));
#272=DIRECTION('',(0.,1.,0.));
#273=DIRECTION('',(-1.,0.,0.));
#274=FACE_BOUND('',#275,.T.);
#275=EDGE_LOOP('',(#841,#842,#843,#844));
#276=PLANE('',#277);
#277=AXIS2_PLACEMENT_3D('',#278,#279,#280);
#278=CARTESIAN_POINT('',(23.5,-48.5,3.));
#279=DIRECTION('',(1.,-1.46503656857753E-16,0.));
#280=DIRECTION('',(1.46503656857753E-16,1.,0.));
#281=FACE_BOUND('',#282,.T.);
#282=EDGE_LOOP('',(#845,#846,#847,#848));
#283=PLANE('',#284);
#284=AXIS2_PLACEMENT_3D('',#285,#286,#287);
#285=CARTESIAN_POINT('',(-23.5,-48.5,3.));
#286=DIRECTION('',(1.51179305480872E-16,-1.,0.));
#287=DIRECTION('',(1.,1.51179305480872E-16,0.));
#288=FACE_BOUND('',#289,.T.);
#289=EDGE_LOOP('',(#849,#850,#851,#852));
#290=PLANE('',#291);
#291=AXIS2_PLACEMENT_3D('',#292,#293,#294);
#292=CARTESIAN_POINT('',(-23.5,48.5,3.));
#293=DIRECTION('',(-1.,1.46503656857753E-16,0.));
#294=DIRECTION('',(-1.46503656857753E-16,-1.,0.));
#295=FACE_BOUND('',#296,.T.);
#296=EDGE_LOOP('',(#853,#854,#855,#856));
#297=CYLINDRICAL_SURFACE('',#298,3.);
#298=AXIS2_PLACEMENT_3D('',#299,#300,#301);
#299=CARTESIAN_POINT('',(22.,-47.,-12.));
#300=DIRECTION('',(-1.82190445066692E-16,0.,-1.));
#301=DIRECTION('',(1.,0.,-1.82190445066692E-16));
#302=FACE_BOUND('',#303,.T.);
#303=EDGE_LOOP('',(#857,#858,#859,#860,#861,#862,#863,#864,#865,#866,#867,#868,#869,
#870,#871,#872));
#304=PLANE('',#305);
#305=AXIS2_PLACEMENT_3D('',#306,#307,#308);
#306=CARTESIAN_POINT('',(25.,-50.,0.));
#307=DIRECTION('',(1.,-7.105427357601E-17,0.));
#308=DIRECTION('',(7.105427357601E-17,1.,0.));
#309=FACE_BOUND('',#310,.T.);
#310=EDGE_LOOP('',(#873,#874,#875,#876));
#311=CYLINDRICAL_SURFACE('',#312,3.);
#312=AXIS2_PLACEMENT_3D('',#313,#314,#315);
#313=CARTESIAN_POINT('',(22.,47.,-12.));
#314=DIRECTION('',(0.,0.,-1.));
#315=DIRECTION('',(0.,1.,0.));
#316=FACE_BOUND('',#317,.T.);
#317=EDGE_LOOP('',(#877,#878,#879,#880));
#318=PLANE('',#319);
#319=AXIS2_PLACEMENT_3D('',#320,#321,#322);
#320=CARTESIAN_POINT('',(25.,50.,0.));
#321=DIRECTION('',(0.,1.,0.));
#322=DIRECTION('',(-1.,0.,0.));
#323=FACE_BOUND('',#324,.T.);
#324=EDGE_LOOP('',(#881,#882,#883,#884));
#325=CYLINDRICAL_SURFACE('',#326,3.);
#326=AXIS2_PLACEMENT_3D('',#327,#328,#329);
#327=CARTESIAN_POINT('',(-22.,47.,-12.));
#328=DIRECTION('',(0.,0.,-1.));
#329=DIRECTION('',(-1.,0.,0.));
#330=FACE_BOUND('',#331,.T.);
#331=EDGE_LOOP('',(#885,#886,#887,#888,#889,#890,#891,#892,#893,#894,#895,#896,#897,
#898,#899,#900));
#332=PLANE('',#333);
#333=AXIS2_PLACEMENT_3D('',#334,#335,#336);
#334=CARTESIAN_POINT('',(-25.,50.,0.));
#335=DIRECTION('',(-1.,0.,0.));
#336=DIRECTION('',(0.,-1.,0.));
#337=FACE_BOUND('',#338,.T.);
#338=EDGE_LOOP('',(#901,#902,#903,#904));
#339=CYLINDRICAL_SURFACE('',#340,3.);
#340=AXIS2_PLACEMENT_3D('',#341,#342,#343);
#341=CARTESIAN_POINT('',(-22.,-47.,-12.));
#342=DIRECTION('',(0.,0.,-1.));
#343=DIRECTION('',(0.,-1.,0.));
#344=FACE_BOUND('',#345,.T.);
#345=EDGE_LOOP('',(#905,#906,#907,#908));
#346=PLANE('',#347);
#347=AXIS2_PLACEMENT_3D('',#348,#349,#350);
#348=CARTESIAN_POINT('',(-25.,-50.,0.));
#349=DIRECTION('',(0.,-1.,0.));
#350=DIRECTION('',(1.,0.,0.));
#351=FACE_BOUND('',#352,.T.);
#352=EDGE_LOOP('',(#909,#910,#911,#912));
#353=PLANE('',#354);
#354=AXIS2_PLACEMENT_3D('',#355,#356,#357);
#355=CARTESIAN_POINT('',(0.,0.,3.));
#356=DIRECTION('',(0.,0.,1.));
#357=DIRECTION('',(-1.,1.22464679914735E-16,0.));
#358=FACE_BOUND('',#359,.T.);
#359=EDGE_LOOP('',(#913,#914,#915,#916,#917,#918,#919,#920,#921,#922,#923,#924,#925,
#926,#927,#928,#929,#930,#931,#932,#933,#934,#935,#936,#937,#938,#939,#940,#941,
#942,#943,#944,#945,#946,#947,#948));
#360=FACE_BOUND('',#361,.T.);
#361=EDGE_LOOP('',(#949,#950,#951,#952));
#362=FACE_BOUND('',#363,.T.);
#363=EDGE_LOOP('',(#953,#954,#955,#956));
#364=FACE_BOUND('',#365,.T.);
#365=EDGE_LOOP('',(#957));
#366=FACE_BOUND('',#367,.T.);
#367=EDGE_LOOP('',(#958));
#368=FACE_BOUND('',#369,.T.);
#369=EDGE_LOOP('',(#959));
#370=FACE_BOUND('',#371,.T.);
#371=EDGE_LOOP('',(#960));
#372=PLANE('',#373);
#373=AXIS2_PLACEMENT_3D('',#374,#375,#376);
#374=CARTESIAN_POINT('',(0.,0.,0.));
#375=DIRECTION('',(0.,0.,1.));
#376=DIRECTION('',(6.12323399573677E-17,1.,0.));
#377=FACE_BOUND('',#378,.T.);
#378=EDGE_LOOP('',(#961,#962,#963,#964));
#379=FACE_BOUND('',#380,.T.);
#380=EDGE_LOOP('',(#965));
#381=PLANE('',#382);
#382=AXIS2_PLACEMENT_3D('',#383,#384,#385);
#383=CARTESIAN_POINT('',(0.,70.,5.));
#384=DIRECTION('',(0.,0.,-1.));
#385=DIRECTION('',(1.,1.22464679914735E-16,0.));
#386=FACE_BOUND('',#387,.T.);
#387=EDGE_LOOP('',(#966,#967,#968,#969));
#388=PLANE('',#389);
#389=AXIS2_PLACEMENT_3D('',#390,#391,#392);
#390=CARTESIAN_POINT('',(19.,39.,5.));
#391=DIRECTION('',(-1.1842378929335E-15,1.,0.));
#392=DIRECTION('',(1.,1.1842378929335E-15,0.));
#393=FACE_BOUND('',#394,.T.);
#394=EDGE_LOOP('',(#970,#971,#972,#973));
#395=PLANE('',#396);
#396=AXIS2_PLACEMENT_3D('',#397,#398,#399);
#397=CARTESIAN_POINT('',(31.,-39.,5.));
#398=DIRECTION('',(1.77635683940025E-15,-1.,0.));
#399=DIRECTION('',(-1.,-1.77635683940025E-15,0.));
#400=FACE_BOUND('',#401,.T.);
#401=EDGE_LOOP('',(#974,#975,#976,#977));
#402=FACE_BOUND('',#403,.T.);
#403=EDGE_LOOP('',(#978));
#404=PLANE('',#405);
#405=AXIS2_PLACEMENT_3D('',#406,#407,#408);
#406=CARTESIAN_POINT('',(0.,0.,5.));
#407=DIRECTION('',(0.,0.,-1.));
#408=DIRECTION('',(1.,1.22464679914735E-16,0.));
#409=FACE_BOUND('',#410,.T.);
#410=EDGE_LOOP('',(#979,#980,#981,#982));
#411=PLANE('',#412);
#412=AXIS2_PLACEMENT_3D('',#413,#414,#415);
#413=CARTESIAN_POINT('',(19.,-31.,5.));
#414=DIRECTION('',(-1.1842378929335E-15,1.,0.));
#415=DIRECTION('',(1.,1.1842378929335E-15,0.));
#416=FACE_BOUND('',#417,.T.);
#417=EDGE_LOOP('',(#983,#984,#985,#986));
#418=PLANE('',#419);
#419=AXIS2_PLACEMENT_3D('',#420,#421,#422);
#420=CARTESIAN_POINT('',(35.,-15.,5.));
#421=DIRECTION('',(8.88178419700125E-17,-1.,0.));
#422=DIRECTION('',(-1.,-8.88178419700125E-17,0.));
#423=FACE_BOUND('',#424,.T.);
#424=EDGE_LOOP('',(#987,#988,#989,#990,#991,#992));
#425=FACE_BOUND('',#426,.T.);
#426=EDGE_LOOP('',(#993,#994,#995,#996));
#427=PLANE('',#428);
#428=AXIS2_PLACEMENT_3D('',#429,#430,#431);
#429=CARTESIAN_POINT('',(0.,0.,5.));
#430=DIRECTION('',(0.,0.,-1.));
#431=DIRECTION('',(1.,1.22464679914735E-16,0.));
#432=FACE_BOUND('',#433,.T.);
#433=EDGE_LOOP('',(#997,#998,#999,#1000));
#434=PLANE('',#435);
#435=AXIS2_PLACEMENT_3D('',#436,#437,#438);
#436=CARTESIAN_POINT('',(15.,15.,5.));
#437=DIRECTION('',(-8.88178419700125E-17,1.,0.));
#438=DIRECTION('',(1.,8.88178419700125E-17,0.));
#439=FACE_BOUND('',#440,.T.);
#440=EDGE_LOOP('',(#1001,#1002,#1003,#1004));
#441=PLANE('',#442);
#442=AXIS2_PLACEMENT_3D('',#443,#444,#445);
#443=CARTESIAN_POINT('',(31.,31.,5.));
#444=DIRECTION('',(1.77635683940025E-15,-1.,0.));
#445=DIRECTION('',(-1.,-1.77635683940025E-15,0.));
#446=FACE_BOUND('',#447,.T.);
#447=EDGE_LOOP('',(#1005,#1006,#1007,#1008));
#448=FACE_BOUND('',#449,.T.);
#449=EDGE_LOOP('',(#1009));
#450=PLANE('',#451);
#451=AXIS2_PLACEMENT_3D('',#452,#453,#454);
#452=CARTESIAN_POINT('',(0.,70.,5.));
#453=DIRECTION('',(0.,0.,-1.));
#454=DIRECTION('',(1.,1.22464679914735E-16,0.));
#455=FACE_BOUND('',#456,.T.);
#456=EDGE_LOOP('',(#1010,#1011,#1012,#1013));
#457=PLANE('',#458);
#458=AXIS2_PLACEMENT_3D('',#459,#460,#461);
#459=CARTESIAN_POINT('',(-19.,31.,5.));
#460=DIRECTION('',(-5.92118946466751E-16,-1.,0.));
#461=DIRECTION('',(-1.,5.92118946466751E-16,0.));
#462=FACE_BOUND('',#463,.T.);
#463=EDGE_LOOP('',(#1014,#1015,#1016,#1017));
#464=PLANE('',#465);
#465=AXIS2_PLACEMENT_3D('',#466,#467,#468);
#466=CARTESIAN_POINT('',(-35.,15.,5.));
#467=DIRECTION('',(-1.77635683940025E-16,1.,0.));
#468=DIRECTION('',(1.,1.77635683940025E-16,0.));
#469=FACE_BOUND('',#470,.T.);
#470=EDGE_LOOP('',(#1018,#1019,#1020,#1021,#1022,#1023));
#471=FACE_BOUND('',#472,.T.);
#472=EDGE_LOOP('',(#1024,#1025,#1026,#1027));
#473=PLANE('',#474);
#474=AXIS2_PLACEMENT_3D('',#475,#476,#477);
#475=CARTESIAN_POINT('',(0.,0.,5.));
#476=DIRECTION('',(0.,0.,-1.));
#477=DIRECTION('',(1.,1.22464679914735E-16,0.));
#478=FACE_BOUND('',#479,.T.);
#479=EDGE_LOOP('',(#1028,#1029,#1030,#1031));
#480=PLANE('',#481);
#481=AXIS2_PLACEMENT_3D('',#482,#483,#484);
#482=CARTESIAN_POINT('',(-15.,-15.,5.));
#483=DIRECTION('',(0.,-1.,0.));
#484=DIRECTION('',(-1.,0.,0.));
#485=FACE_BOUND('',#486,.T.);
#486=EDGE_LOOP('',(#1032,#1033,#1034,#1035));
#487=PLANE('',#488);
#488=AXIS2_PLACEMENT_3D('',#489,#490,#491);
#489=CARTESIAN_POINT('',(-31.,-31.,5.));
#490=DIRECTION('',(1.1842378929335E-15,1.,0.));
#491=DIRECTION('',(1.,-1.1842378929335E-15,0.));
#492=FACE_BOUND('',#493,.T.);
#493=EDGE_LOOP('',(#1036,#1037,#1038,#1039));
#494=FACE_BOUND('',#495,.T.);
#495=EDGE_LOOP('',(#1040));
#496=PLANE('',#497);
#497=AXIS2_PLACEMENT_3D('',#498,#499,#500);
#498=CARTESIAN_POINT('',(0.,0.,5.));
#499=DIRECTION('',(0.,0.,-1.));
#500=DIRECTION('',(1.,1.22464679914735E-16,0.));
#501=FACE_BOUND('',#502,.T.);
#502=EDGE_LOOP('',(#1041,#1042,#1043,#1044));
#503=PLANE('',#504);
#504=AXIS2_PLACEMENT_3D('',#505,#506,#507);
#505=CARTESIAN_POINT('',(-19.,-39.,5.));
#506=DIRECTION('',(-5.92118946466751E-16,-1.,0.));
#507=DIRECTION('',(-1.,5.92118946466751E-16,0.));
#508=FACE_BOUND('',#509,.T.);
#509=EDGE_LOOP('',(#1045,#1046,#1047,#1048));
#510=PLANE('',#511);
#511=AXIS2_PLACEMENT_3D('',#512,#513,#514);
#512=CARTESIAN_POINT('',(-31.,39.,5.));
#513=DIRECTION('',(1.1842378929335E-15,1.,0.));
#514=DIRECTION('',(1.,-1.1842378929335E-15,0.));
#515=FACE_BOUND('',#516,.T.);
#516=EDGE_LOOP('',(#1049,#1050,#1051,#1052));
#517=CYLINDRICAL_SURFACE('',#518,4.00000000000001);
#518=AXIS2_PLACEMENT_3D('',#519,#520,#521);
#519=CARTESIAN_POINT('',(-31.,-35.,5.));
#520=DIRECTION('',(0.,0.,-1.));
#521=DIRECTION('',(-7.65713739785388E-16,-1.,0.));
#522=FACE_BOUND('',#523,.T.);
#523=EDGE_LOOP('',(#1053,#1054,#1055,#1056));
#524=CYLINDRICAL_SURFACE('',#525,4.);
#525=AXIS2_PLACEMENT_3D('',#526,#527,#528);
#526=CARTESIAN_POINT('',(-31.,-11.,21.));
#527=DIRECTION('',(0.,0.,1.));
#528=DIRECTION('',(-1.,0.,0.));
#529=FACE_BOUND('',#530,.T.);
#530=EDGE_LOOP('',(#1057,#1058,#1059,#1060));
#531=PLANE('',#532);
#532=AXIS2_PLACEMENT_3D('',#533,#534,#535);
#533=CARTESIAN_POINT('',(-35.,-15.,5.));
#534=DIRECTION('',(-1.,0.,0.));
#535=DIRECTION('',(0.,1.,0.));
#536=FACE_BOUND('',#537,.T.);
#537=EDGE_LOOP('',(#1061,#1062,#1063,#1064));
#538=CYLINDRICAL_SURFACE('',#539,4.);
#539=AXIS2_PLACEMENT_3D('',#540,#541,#542);
#540=CARTESIAN_POINT('',(-31.,11.,21.));
#541=DIRECTION('',(0.,0.,1.));
#542=DIRECTION('',(-8.88178419700125E-16,1.,0.));
#543=FACE_BOUND('',#544,.T.);
#544=EDGE_LOOP('',(#1065,#1066,#1067,#1068));
#545=CYLINDRICAL_SURFACE('',#546,4.00000000000001);
#546=AXIS2_PLACEMENT_3D('',#547,#548,#549);
#547=CARTESIAN_POINT('',(-31.,35.,5.));
#548=DIRECTION('',(0.,0.,-1.));
#549=DIRECTION('',(-7.65713739785388E-16,-1.,0.));
#550=FACE_BOUND('',#551,.T.);
#551=EDGE_LOOP('',(#1069,#1070,#1071,#1072));
#552=CYLINDRICAL_SURFACE('',#553,3.99999999999998);
#553=AXIS2_PLACEMENT_3D('',#554,#555,#556);
#554=CARTESIAN_POINT('',(31.,35.,5.));
#555=DIRECTION('',(0.,0.,-1.));
#556=DIRECTION('',(-1.01064309961487E-15,1.,0.));
#557=FACE_BOUND('',#558,.T.);
#558=EDGE_LOOP('',(#1073,#1074,#1075,#1076));
#559=CYLINDRICAL_SURFACE('',#560,4.);
#560=AXIS2_PLACEMENT_3D('',#561,#562,#563);
#561=CARTESIAN_POINT('',(31.,11.,21.));
#562=DIRECTION('',(0.,0.,1.));
#563=DIRECTION('',(1.,0.,0.));
#564=FACE_BOUND('',#565,.T.);
#565=EDGE_LOOP('',(#1077,#1078,#1079,#1080));
#566=PLANE('',#567);
#567=AXIS2_PLACEMENT_3D('',#568,#569,#570);
#568=CARTESIAN_POINT('',(35.,15.,5.));
#569=DIRECTION('',(1.,0.,0.));
#570=DIRECTION('',(0.,-1.,0.));
#571=FACE_BOUND('',#572,.T.);
#572=EDGE_LOOP('',(#1081,#1082,#1083,#1084));
#573=CYLINDRICAL_SURFACE('',#574,4.);
#574=AXIS2_PLACEMENT_3D('',#575,#576,#577);
#575=CARTESIAN_POINT('',(31.,-11.,21.));
#576=DIRECTION('',(0.,0.,1.));
#577=DIRECTION('',(8.88178419700125E-16,-1.,0.));
#578=FACE_BOUND('',#579,.T.);
#579=EDGE_LOOP('',(#1085,#1086,#1087,#1088));
#580=CYLINDRICAL_SURFACE('',#581,3.99999999999998);
#581=AXIS2_PLACEMENT_3D('',#582,#583,#584);
#582=CARTESIAN_POINT('',(31.,-35.,5.));
#583=DIRECTION('',(0.,0.,-1.));
#584=DIRECTION('',(-1.01064309961487E-15,1.,0.));
#585=FACE_BOUND('',#586,.T.);
#586=EDGE_LOOP('',(#1089,#1090,#1091,#1092));
#587=PLANE('',#588);
#588=AXIS2_PLACEMENT_3D('',#589,#590,#591);
#589=CARTESIAN_POINT('',(28.3333333333334,-8.33333333333328,15.));
#590=DIRECTION('',(-1.,-6.39488462184095E-15,0.));
#591=DIRECTION('',(-6.39488462184095E-15,1.,0.));
#592=FACE_BOUND('',#593,.T.);
#593=EDGE_LOOP('',(#1093,#1094,#1095,#1096));
#594=CYLINDRICAL_SURFACE('',#595,1.66666666666666);
#595=AXIS2_PLACEMENT_3D('',#596,#597,#598);
#596=CARTESIAN_POINT('',(30.,-8.33333333333327,15.));
#597=DIRECTION('',(0.,0.,-1.));
#598=DIRECTION('',(1.,6.39488462184091E-15,0.));
#599=FACE_BOUND('',#600,.T.);
#600=EDGE_LOOP('',(#1097,#1098,#1099,#1100));
#601=PLANE('',#602);
#602=AXIS2_PLACEMENT_3D('',#603,#604,#605);
#603=CARTESIAN_POINT('',(31.6666666666666,8.33333333333328,15.));
#604=DIRECTION('',(1.,6.39488462184095E-15,0.));
#605=DIRECTION('',(6.39488462184095E-15,-1.,0.));
#606=FACE_BOUND('',#607,.T.);
#607=EDGE_LOOP('',(#1101,#1102,#1103,#1104));
#608=CYLINDRICAL_SURFACE('',#609,1.66666666666666);
#609=AXIS2_PLACEMENT_3D('',#610,#611,#612);
#610=CARTESIAN_POINT('',(29.9999999999999,8.33333333333327,15.));
#611=DIRECTION('',(0.,0.,-1.));
#612=DIRECTION('',(-1.,0.,0.));
#613=FACE_BOUND('',#614,.T.);
#614=EDGE_LOOP('',(#1105,#1106,#1107,#1108));
#615=PLANE('',#616);
#616=AXIS2_PLACEMENT_3D('',#617,#618,#619);
#617=CARTESIAN_POINT('',(-28.3333333333333,8.33333333333321,15.));
#618=DIRECTION('',(1.,-3.83693077310459E-15,0.));
#619=DIRECTION('',(-3.83693077310459E-15,-1.,0.));
#620=FACE_BOUND('',#621,.T.);
#621=EDGE_LOOP('',(#1109,#1110,#1111,#1112));
#622=CYLINDRICAL_SURFACE('',#623,1.66666666666666);
#623=AXIS2_PLACEMENT_3D('',#624,#625,#626);
#624=CARTESIAN_POINT('',(-30.,8.33333333333322,15.));
#625=DIRECTION('',(0.,0.,-1.));
#626=DIRECTION('',(-1.,0.,0.));
#627=FACE_BOUND('',#628,.T.);
#628=EDGE_LOOP('',(#1113,#1114,#1115,#1116));
#629=PLANE('',#630);
#630=AXIS2_PLACEMENT_3D('',#631,#632,#633);
#631=CARTESIAN_POINT('',(-31.6666666666667,-8.33333333333322,15.));
#632=DIRECTION('',(-1.,3.83693077310459E-15,0.));
#633=DIRECTION('',(3.83693077310459E-15,1.,0.));
#634=FACE_BOUND('',#635,.T.);
#635=EDGE_LOOP('',(#1117,#1118,#1119,#1120));
#636=CYLINDRICAL_SURFACE('',#637,1.66666666666666);
#637=AXIS2_PLACEMENT_3D('',#638,#639,#640);
#638=CARTESIAN_POINT('',(-30.,-8.33333333333323,15.));
#639=DIRECTION('',(0.,0.,-1.));
#640=DIRECTION('',(1.,-4.26325641456061E-15,0.));
#641=FACE_OUTER_BOUND('',#642,.T.);
#642=EDGE_LOOP('',(#1121));
#643=FACE_OUTER_BOUND('',#644,.T.);
#644=EDGE_LOOP('',(#1122));
#645=CYLINDRICAL_SURFACE('',#646,2.);
#646=AXIS2_PLACEMENT_3D('',#647,#648,#649);
#647=CARTESIAN_POINT('',(-31.,-35.,5.));
#648=DIRECTION('',(0.,0.,-1.));
#649=DIRECTION('',(1.,1.22464679914735E-16,0.));
#650=FACE_OUTER_BOUND('',#651,.T.);
#651=EDGE_LOOP('',(#1123));
#652=FACE_OUTER_BOUND('',#653,.T.);
#653=EDGE_LOOP('',(#1124));
#654=CYLINDRICAL_SURFACE('',#655,2.);
#655=AXIS2_PLACEMENT_3D('',#656,#657,#658);
#656=CARTESIAN_POINT('',(31.,-35.,5.));
#657=DIRECTION('',(0.,0.,-1.));
#658=DIRECTION('',(1.,1.22464679914735E-16,0.));
#659=FACE_OUTER_BOUND('',#660,.T.);
#660=EDGE_LOOP('',(#1125));
#661=FACE_OUTER_BOUND('',#662,.T.);
#662=EDGE_LOOP('',(#1126));
#663=CYLINDRICAL_SURFACE('',#664,2.);
#664=AXIS2_PLACEMENT_3D('',#665,#666,#667);
#665=CARTESIAN_POINT('',(-31.,35.,5.));
#666=DIRECTION('',(0.,0.,-1.));
#667=DIRECTION('',(1.,1.22464679914735E-16,0.));
#668=FACE_OUTER_BOUND('',#669,.T.);
#669=EDGE_LOOP('',(#1127));
#670=FACE_OUTER_BOUND('',#671,.T.);
#671=EDGE_LOOP('',(#1128));
#672=CYLINDRICAL_SURFACE('',#673,2.);
#673=AXIS2_PLACEMENT_3D('',#674,#675,#676);
#674=CARTESIAN_POINT('',(31.,35.,5.));
#675=DIRECTION('',(0.,0.,-1.));
#676=DIRECTION('',(1.,1.22464679914735E-16,0.));
#677=FACE_BOUND('',#678,.T.);
#678=EDGE_LOOP('',(#1129,#1130,#1131,#1132,#1133,#1134,#1135,#1136));
#679=FACE_BOUND('',#680,.T.);
#680=EDGE_LOOP('',(#1137));
#681=PLANE('',#682);
#682=AXIS2_PLACEMENT_3D('',#683,#684,#685);
#683=CARTESIAN_POINT('',(0.,0.,0.));
#684=DIRECTION('',(0.,0.,1.));
#685=DIRECTION('',(6.12323399573677E-17,1.,0.));
#686=FACE_BOUND('',#687,.T.);
#687=EDGE_LOOP('',(#1138,#1139,#1140,#1141,#1142,#1143,#1144,#1145));
#688=FACE_BOUND('',#689,.T.);
#689=EDGE_LOOP('',(#1146));
#690=PLANE('',#691);
#691=AXIS2_PLACEMENT_3D('',#692,#693,#694);
#692=CARTESIAN_POINT('',(0.,0.,-3.));
#693=DIRECTION('',(0.,0.,1.));
#694=DIRECTION('',(6.12323399573677E-17,1.,0.));
#695=FACE_OUTER_BOUND('',#696,.T.);
#696=EDGE_LOOP('',(#1147));
#697=FACE_OUTER_BOUND('',#698,.T.);
#698=EDGE_LOOP('',(#1148));
#699=CYLINDRICAL_SURFACE('',#700,1.5);
#700=AXIS2_PLACEMENT_3D('',#701,#702,#703);
#701=CARTESIAN_POINT('',(0.,0.,-10.));
#702=DIRECTION('',(0.,0.,1.));
#703=DIRECTION('',(6.12323399573676E-17,1.,0.));
#704=FACE_BOUND('',#705,.T.);
#705=EDGE_LOOP('',(#1149,#1150,#1151,#1152));
#706=CYLINDRICAL_SURFACE('',#707,3.);
#707=AXIS2_PLACEMENT_3D('',#708,#709,#710);
#708=CARTESIAN_POINT('',(-48.7,-23.7,-22.));
#709=DIRECTION('',(0.,0.,-1.));
#710=DIRECTION('',(0.,-1.,0.));
#711=FACE_BOUND('',#712,.T.);
#712=EDGE_LOOP('',(#1153,#1154,#1155,#1156));
#713=PLANE('',#714);
#714=AXIS2_PLACEMENT_3D('',#715,#716,#717);
#715=CARTESIAN_POINT('',(-51.7,-26.7,-10.));
#716=DIRECTION('',(-6.87178661276693E-17,-1.,0.));
#717=DIRECTION('',(1.,-6.87178661276693E-17,0.));
#718=FACE_BOUND('',#719,.T.);
#719=EDGE_LOOP('',(#1157,#1158,#1159,#1160));
#720=CYLINDRICAL_SURFACE('',#721,3.);
#721=AXIS2_PLACEMENT_3D('',#722,#723,#724);
#722=CARTESIAN_POINT('',(48.7,-23.7,-22.));
#723=DIRECTION('',(2.089831575765E-16,0.,-1.));
#724=DIRECTION('',(1.,0.,2.089831575765E-16));
#725=FACE_BOUND('',#726,.T.);
#726=EDGE_LOOP('',(#1161,#1162,#1163,#1164));
#727=PLANE('',#728);
#728=AXIS2_PLACEMENT_3D('',#729,#730,#731);
#729=CARTESIAN_POINT('',(51.7,-26.7,-10.));
#730=DIRECTION('',(1.,0.,0.));
#731=DIRECTION('',(0.,1.,0.));
#732=FACE_BOUND('',#733,.T.);
#733=EDGE_LOOP('',(#1165,#1166,#1167,#1168));
#734=CYLINDRICAL_SURFACE('',#735,3.);
#735=AXIS2_PLACEMENT_3D('',#736,#737,#738);
#736=CARTESIAN_POINT('',(48.7,23.7,-22.));
#737=DIRECTION('',(0.,1.0449157878825E-16,-1.));
#738=DIRECTION('',(0.,1.,1.0449157878825E-16));
#739=FACE_BOUND('',#740,.T.);
#740=EDGE_LOOP('',(#1169,#1170,#1171,#1172));
#741=PLANE('',#742);
#742=AXIS2_PLACEMENT_3D('',#743,#744,#745);
#743=CARTESIAN_POINT('',(51.7,26.7,-10.));
#744=DIRECTION('',(6.87178661276693E-17,1.,0.));
#745=DIRECTION('',(-1.,6.87178661276693E-17,0.));
#746=FACE_BOUND('',#747,.T.);
#747=EDGE_LOOP('',(#1173,#1174,#1175,#1176));
#748=CYLINDRICAL_SURFACE('',#749,3.);
#749=AXIS2_PLACEMENT_3D('',#750,#751,#752);
#750=CARTESIAN_POINT('',(-48.7,23.7,-22.));
#751=DIRECTION('',(-2.089831575765E-16,0.,-1.));
#752=DIRECTION('',(-1.,0.,2.089831575765E-16));
#753=FACE_BOUND('',#754,.T.);
#754=EDGE_LOOP('',(#1177,#1178,#1179,#1180));
#755=PLANE('',#756);
#756=AXIS2_PLACEMENT_3D('',#757,#758,#759);
#757=CARTESIAN_POINT('',(-51.7,26.7,-10.));
#758=DIRECTION('',(-1.,0.,0.));
#759=DIRECTION('',(0.,-1.,0.));
#760=FACE_BOUND('',#761,.T.);
#761=EDGE_LOOP('',(#1181,#1182,#1183,#1184));
#762=CYLINDRICAL_SURFACE('',#763,3.);
#763=AXIS2_PLACEMENT_3D('',#764,#765,#766);
#764=CARTESIAN_POINT('',(45.7,20.7,-22.));
#765=DIRECTION('',(0.,0.,-1.));
#766=DIRECTION('',(0.,1.,0.));
#767=FACE_BOUND('',#768,.T.);
#768=EDGE_LOOP('',(#1185,#1186,#1187,#1188));
#769=PLANE('',#770);
#770=AXIS2_PLACEMENT_3D('',#771,#772,#773);
#771=CARTESIAN_POINT('',(48.7,-26.7,-10.));
#772=DIRECTION('',(1.,0.,0.));
#773=DIRECTION('',(0.,1.,0.));
#774=FACE_BOUND('',#775,.T.);
#775=EDGE_LOOP('',(#1189,#1190,#1191,#1192));
#776=CYLINDRICAL_SURFACE('',#777,3.);
#777=AXIS2_PLACEMENT_3D('',#778,#779,#780);
#778=CARTESIAN_POINT('',(45.7,-20.7,-22.));
#779=DIRECTION('',(0.,2.29207334116161E-16,-1.));
#780=DIRECTION('',(1.,1.18423789293351E-15,2.71436010398629E-31));
#781=FACE_BOUND('',#782,.T.);
#782=EDGE_LOOP('',(#1193,#1194,#1195,#1196));
#783=PLANE('',#784);
#784=AXIS2_PLACEMENT_3D('',#785,#786,#787);
#785=CARTESIAN_POINT('',(-51.7,-23.7,-10.));
#786=DIRECTION('',(-6.87178661276693E-17,-1.,0.));
#787=DIRECTION('',(1.,-6.87178661276693E-17,0.));
#788=FACE_BOUND('',#789,.T.);
#789=EDGE_LOOP('',(#1197,#1198,#1199,#1200));
#790=CYLINDRICAL_SURFACE('',#791,3.);
#791=AXIS2_PLACEMENT_3D('',#792,#793,#794);
#792=CARTESIAN_POINT('',(-45.7,-20.7,-22.));
#793=DIRECTION('',(0.,0.,-1.));
#794=DIRECTION('',(0.,-1.,0.));
#795=FACE_BOUND('',#796,.T.);
#796=EDGE_LOOP('',(#1201,#1202,#1203,#1204));
#797=PLANE('',#798);
#798=AXIS2_PLACEMENT_3D('',#799,#800,#801);
#799=CARTESIAN_POINT('',(-48.7,26.7,-10.));
#800=DIRECTION('',(-1.,0.,0.));
#801=DIRECTION('',(0.,-1.,0.));
#802=FACE_BOUND('',#803,.T.);
#803=EDGE_LOOP('',(#1205,#1206,#1207,#1208));
#804=CYLINDRICAL_SURFACE('',#805,3.);
#805=AXIS2_PLACEMENT_3D('',#806,#807,#808);
#806=CARTESIAN_POINT('',(-45.7,20.7,-22.));
#807=DIRECTION('',(0.,0.,-1.));
#808=DIRECTION('',(-1.,0.,0.));
#809=FACE_BOUND('',#810,.T.);
#810=EDGE_LOOP('',(#1209,#1210,#1211,#1212));
#811=PLANE('',#812);
#812=AXIS2_PLACEMENT_3D('',#813,#814,#815);
#813=CARTESIAN_POINT('',(51.7,23.7,-10.));
#814=DIRECTION('',(6.87178661276693E-17,1.,0.));
#815=DIRECTION('',(-1.,6.87178661276693E-17,0.));
#816=FACE_BOUND('',#817,.T.);
#817=EDGE_LOOP('',(#1213,#1214,#1215,#1216,#1217,#1218,#1219,#1220));
#818=FACE_BOUND('',#819,.T.);
#819=EDGE_LOOP('',(#1221,#1222,#1223,#1224,#1225,#1226,#1227,#1228));
#820=PLANE('',#821);
#821=AXIS2_PLACEMENT_3D('',#822,#823,#824);
#822=CARTESIAN_POINT('',(0.,0.,-10.));
#823=DIRECTION('',(0.,0.,1.));
#824=DIRECTION('',(6.12323399573677E-17,1.,0.));
#825=ORIENTED_EDGE('',*,*,#1229,.F.);
#826=ORIENTED_EDGE('',*,*,#1230,.T.);
#827=ORIENTED_EDGE('',*,*,#1231,.F.);
#828=ORIENTED_EDGE('',*,*,#1232,.T.);
#829=ORIENTED_EDGE('',*,*,#1233,.F.);
#830=ORIENTED_EDGE('',*,*,#1234,.T.);
#831=ORIENTED_EDGE('',*,*,#1235,.F.);
#832=ORIENTED_EDGE('',*,*,#1236,.T.);
#833=ORIENTED_EDGE('',*,*,#1237,.T.);
#834=ORIENTED_EDGE('',*,*,#1238,.T.);
#835=ORIENTED_EDGE('',*,*,#1239,.T.);
#836=ORIENTED_EDGE('',*,*,#1240,.T.);
#837=ORIENTED_EDGE('',*,*,#1238,.F.);
#838=ORIENTED_EDGE('',*,*,#1241,.F.);
#839=ORIENTED_EDGE('',*,*,#1242,.F.);
#840=ORIENTED_EDGE('',*,*,#1243,.T.);
#841=ORIENTED_EDGE('',*,*,#1239,.F.);
#842=ORIENTED_EDGE('',*,*,#1243,.F.);
#843=ORIENTED_EDGE('',*,*,#1244,.F.);
#844=ORIENTED_EDGE('',*,*,#1245,.T.);
#845=ORIENTED_EDGE('',*,*,#1240,.F.);
#846=ORIENTED_EDGE('',*,*,#1245,.F.);
#847=ORIENTED_EDGE('',*,*,#1246,.F.);
#848=ORIENTED_EDGE('',*,*,#1247,.T.);
#849=ORIENTED_EDGE('',*,*,#1237,.F.);
#850=ORIENTED_EDGE('',*,*,#1247,.F.);
#851=ORIENTED_EDGE('',*,*,#1248,.F.);
#852=ORIENTED_EDGE('',*,*,#1241,.T.);
#853=ORIENTED_EDGE('',*,*,#1249,.F.);
#854=ORIENTED_EDGE('',*,*,#1250,.T.);
#855=ORIENTED_EDGE('',*,*,#1251,.T.);
#856=ORIENTED_EDGE('',*,*,#1229,.T.);
#857=ORIENTED_EDGE('',*,*,#1252,.F.);
#858=ORIENTED_EDGE('',*,*,#1253,.F.);
#859=ORIENTED_EDGE('',*,*,#1254,.T.);
#860=ORIENTED_EDGE('',*,*,#1255,.T.);
#861=ORIENTED_EDGE('',*,*,#1230,.F.);
#862=ORIENTED_EDGE('',*,*,#1251,.F.);
#863=ORIENTED_EDGE('',*,*,#1256,.T.);
#864=ORIENTED_EDGE('',*,*,#1257,.F.);
#865=ORIENTED_EDGE('',*,*,#1258,.F.);
#866=ORIENTED_EDGE('',*,*,#1259,.F.);
#867=ORIENTED_EDGE('',*,*,#1260,.T.);
#868=ORIENTED_EDGE('',*,*,#1261,.F.);
#869=ORIENTED_EDGE('',*,*,#1262,.F.);
#870=ORIENTED_EDGE('',*,*,#1263,.F.);
#871=ORIENTED_EDGE('',*,*,#1264,.T.);
#872=ORIENTED_EDGE('',*,*,#1265,.F.);
#873=ORIENTED_EDGE('',*,*,#1255,.F.);
#874=ORIENTED_EDGE('',*,*,#1266,.T.);
#875=ORIENTED_EDGE('',*,*,#1267,.T.);
#876=ORIENTED_EDGE('',*,*,#1231,.T.);
#877=ORIENTED_EDGE('',*,*,#1267,.F.);
#878=ORIENTED_EDGE('',*,*,#1268,.T.);
#879=ORIENTED_EDGE('',*,*,#1269,.T.);
#880=ORIENTED_EDGE('',*,*,#1232,.F.);
#881=ORIENTED_EDGE('',*,*,#1269,.F.);
#882=ORIENTED_EDGE('',*,*,#1270,.T.);
#883=ORIENTED_EDGE('',*,*,#1271,.T.);
#884=ORIENTED_EDGE('',*,*,#1233,.T.);
#885=ORIENTED_EDGE('',*,*,#1272,.F.);
#886=ORIENTED_EDGE('',*,*,#1273,.F.);
#887=ORIENTED_EDGE('',*,*,#1274,.T.);
#888=ORIENTED_EDGE('',*,*,#1275,.F.);
#889=ORIENTED_EDGE('',*,*,#1276,.F.);
#890=ORIENTED_EDGE('',*,*,#1277,.F.);
#891=ORIENTED_EDGE('',*,*,#1278,.T.);
#892=ORIENTED_EDGE('',*,*,#1279,.F.);
#893=ORIENTED_EDGE('',*,*,#1280,.F.);
#894=ORIENTED_EDGE('',*,*,#1281,.F.);
#895=ORIENTED_EDGE('',*,*,#1282,.T.);
#896=ORIENTED_EDGE('',*,*,#1283,.T.);
#897=ORIENTED_EDGE('',*,*,#1234,.F.);
#898=ORIENTED_EDGE('',*,*,#1271,.F.);
#899=ORIENTED_EDGE('',*,*,#1284,.T.);
#900=ORIENTED_EDGE('',*,*,#1285,.F.);
#901=ORIENTED_EDGE('',*,*,#1283,.F.);
#902=ORIENTED_EDGE('',*,*,#1286,.T.);
#903=ORIENTED_EDGE('',*,*,#1287,.T.);
#904=ORIENTED_EDGE('',*,*,#1235,.T.);
#905=ORIENTED_EDGE('',*,*,#1249,.T.);
#906=ORIENTED_EDGE('',*,*,#1236,.F.);
#907=ORIENTED_EDGE('',*,*,#1287,.F.);
#908=ORIENTED_EDGE('',*,*,#1288,.T.);
#909=ORIENTED_EDGE('',*,*,#1248,.T.);
#910=ORIENTED_EDGE('',*,*,#1246,.T.);
#911=ORIENTED_EDGE('',*,*,#1244,.T.);
#912=ORIENTED_EDGE('',*,*,#1242,.T.);
#913=ORIENTED_EDGE('',*,*,#1250,.F.);
#914=ORIENTED_EDGE('',*,*,#1288,.F.);
#915=ORIENTED_EDGE('',*,*,#1286,.F.);
#916=ORIENTED_EDGE('',*,*,#1282,.F.);
#917=ORIENTED_EDGE('',*,*,#1289,.T.);
#918=ORIENTED_EDGE('',*,*,#1290,.T.);
#919=ORIENTED_EDGE('',*,*,#1291,.T.);
#920=ORIENTED_EDGE('',*,*,#1278,.F.);
#921=ORIENTED_EDGE('',*,*,#1292,.T.);
#922=ORIENTED_EDGE('',*,*,#1293,.F.);
#923=ORIENTED_EDGE('',*,*,#1294,.T.);
#924=ORIENTED_EDGE('',*,*,#1295,.F.);
#925=ORIENTED_EDGE('',*,*,#1296,.T.);
#926=ORIENTED_EDGE('',*,*,#1274,.F.);
#927=ORIENTED_EDGE('',*,*,#1297,.T.);
#928=ORIENTED_EDGE('',*,*,#1298,.T.);
#929=ORIENTED_EDGE('',*,*,#1299,.T.);
#930=ORIENTED_EDGE('',*,*,#1284,.F.);
#931=ORIENTED_EDGE('',*,*,#1270,.F.);
#932=ORIENTED_EDGE('',*,*,#1268,.F.);
#933=ORIENTED_EDGE('',*,*,#1266,.F.);
#934=ORIENTED_EDGE('',*,*,#1254,.F.);
#935=ORIENTED_EDGE('',*,*,#1300,.T.);
#936=ORIENTED_EDGE('',*,*,#1301,.T.);
#937=ORIENTED_EDGE('',*,*,#1302,.T.);
#938=ORIENTED_EDGE('',*,*,#1264,.F.);
#939=ORIENTED_EDGE('',*,*,#1303,.T.);
#940=ORIENTED_EDGE('',*,*,#1304,.F.);
#941=ORIENTED_EDGE('',*,*,#1305,.T.);
#942=ORIENTED_EDGE('',*,*,#1306,.F.);
#943=ORIENTED_EDGE('',*,*,#1307,.T.);
#944=ORIENTED_EDGE('',*,*,#1260,.F.);
#945=ORIENTED_EDGE('',*,*,#1308,.T.);
#946=ORIENTED_EDGE('',*,*,#1309,.T.);
#947=ORIENTED_EDGE('',*,*,#1310,.T.);
#948=ORIENTED_EDGE('',*,*,#1256,.F.);
#949=ORIENTED_EDGE('',*,*,#1311,.T.);
#950=ORIENTED_EDGE('',*,*,#1312,.T.);
#951=ORIENTED_EDGE('',*,*,#1313,.T.);
#952=ORIENTED_EDGE('',*,*,#1314,.T.);
#953=ORIENTED_EDGE('',*,*,#1315,.T.);
#954=ORIENTED_EDGE('',*,*,#1316,.T.);
#955=ORIENTED_EDGE('',*,*,#1317,.T.);
#956=ORIENTED_EDGE('',*,*,#1318,.T.);
#957=ORIENTED_EDGE('',*,*,#1319,.T.);
#958=ORIENTED_EDGE('',*,*,#1320,.T.);
#959=ORIENTED_EDGE('',*,*,#1321,.T.);
#960=ORIENTED_EDGE('',*,*,#1322,.T.);
#961=ORIENTED_EDGE('',*,*,#1252,.T.);
#962=ORIENTED_EDGE('',*,*,#1323,.F.);
#963=ORIENTED_EDGE('',*,*,#1324,.F.);
#964=ORIENTED_EDGE('',*,*,#1325,.F.);
#965=ORIENTED_EDGE('',*,*,#1326,.T.);
#966=ORIENTED_EDGE('',*,*,#1253,.T.);
#967=ORIENTED_EDGE('',*,*,#1325,.T.);
#968=ORIENTED_EDGE('',*,*,#1327,.T.);
#969=ORIENTED_EDGE('',*,*,#1300,.F.);
#970=ORIENTED_EDGE('',*,*,#1257,.T.);
#971=ORIENTED_EDGE('',*,*,#1310,.F.);
#972=ORIENTED_EDGE('',*,*,#1328,.F.);
#973=ORIENTED_EDGE('',*,*,#1329,.T.);
#974=ORIENTED_EDGE('',*,*,#1258,.T.);
#975=ORIENTED_EDGE('',*,*,#1329,.F.);
#976=ORIENTED_EDGE('',*,*,#1330,.F.);
#977=ORIENTED_EDGE('',*,*,#1331,.F.);
#978=ORIENTED_EDGE('',*,*,#1332,.T.);
#979=ORIENTED_EDGE('',*,*,#1259,.T.);
#980=ORIENTED_EDGE('',*,*,#1331,.T.);
#981=ORIENTED_EDGE('',*,*,#1333,.T.);
#982=ORIENTED_EDGE('',*,*,#1308,.F.);
#983=ORIENTED_EDGE('',*,*,#1334,.F.);
#984=ORIENTED_EDGE('',*,*,#1335,.T.);
#985=ORIENTED_EDGE('',*,*,#1261,.T.);
#986=ORIENTED_EDGE('',*,*,#1307,.F.);
#987=ORIENTED_EDGE('',*,*,#1336,.F.);
#988=ORIENTED_EDGE('',*,*,#1337,.F.);
#989=ORIENTED_EDGE('',*,*,#1262,.T.);
#990=ORIENTED_EDGE('',*,*,#1335,.F.);
#991=ORIENTED_EDGE('',*,*,#1338,.F.);
#992=ORIENTED_EDGE('',*,*,#1339,.F.);
#993=ORIENTED_EDGE('',*,*,#1340,.T.);
#994=ORIENTED_EDGE('',*,*,#1341,.T.);
#995=ORIENTED_EDGE('',*,*,#1342,.T.);
#996=ORIENTED_EDGE('',*,*,#1343,.T.);
#997=ORIENTED_EDGE('',*,*,#1344,.T.);
#998=ORIENTED_EDGE('',*,*,#1303,.F.);
#999=ORIENTED_EDGE('',*,*,#1263,.T.);
#1000=ORIENTED_EDGE('',*,*,#1337,.T.);
#1001=ORIENTED_EDGE('',*,*,#1265,.T.);
#1002=ORIENTED_EDGE('',*,*,#1302,.F.);
#1003=ORIENTED_EDGE('',*,*,#1345,.F.);
#1004=ORIENTED_EDGE('',*,*,#1323,.T.);
#1005=ORIENTED_EDGE('',*,*,#1272,.T.);
#1006=ORIENTED_EDGE('',*,*,#1346,.F.);
#1007=ORIENTED_EDGE('',*,*,#1347,.F.);
#1008=ORIENTED_EDGE('',*,*,#1348,.F.);
#1009=ORIENTED_EDGE('',*,*,#1349,.T.);
#1010=ORIENTED_EDGE('',*,*,#1273,.T.);
#1011=ORIENTED_EDGE('',*,*,#1348,.T.);
#1012=ORIENTED_EDGE('',*,*,#1350,.T.);
#1013=ORIENTED_EDGE('',*,*,#1297,.F.);
#1014=ORIENTED_EDGE('',*,*,#1351,.F.);
#1015=ORIENTED_EDGE('',*,*,#1352,.T.);
#1016=ORIENTED_EDGE('',*,*,#1275,.T.);
#1017=ORIENTED_EDGE('',*,*,#1296,.F.);
#1018=ORIENTED_EDGE('',*,*,#1353,.F.);
#1019=ORIENTED_EDGE('',*,*,#1354,.F.);
#1020=ORIENTED_EDGE('',*,*,#1276,.T.);
#1021=ORIENTED_EDGE('',*,*,#1352,.F.);
#1022=ORIENTED_EDGE('',*,*,#1355,.F.);
#1023=ORIENTED_EDGE('',*,*,#1356,.F.);
#1024=ORIENTED_EDGE('',*,*,#1357,.T.);
#1025=ORIENTED_EDGE('',*,*,#1358,.T.);
#1026=ORIENTED_EDGE('',*,*,#1359,.T.);
#1027=ORIENTED_EDGE('',*,*,#1360,.T.);
#1028=ORIENTED_EDGE('',*,*,#1361,.T.);
#1029=ORIENTED_EDGE('',*,*,#1292,.F.);
#1030=ORIENTED_EDGE('',*,*,#1277,.T.);
#1031=ORIENTED_EDGE('',*,*,#1354,.T.);
#1032=ORIENTED_EDGE('',*,*,#1279,.T.);
#1033=ORIENTED_EDGE('',*,*,#1291,.F.);
#1034=ORIENTED_EDGE('',*,*,#1362,.F.);
#1035=ORIENTED_EDGE('',*,*,#1363,.T.);
#1036=ORIENTED_EDGE('',*,*,#1280,.T.);
#1037=ORIENTED_EDGE('',*,*,#1363,.F.);
#1038=ORIENTED_EDGE('',*,*,#1364,.F.);
#1039=ORIENTED_EDGE('',*,*,#1365,.F.);
#1040=ORIENTED_EDGE('',*,*,#1366,.T.);
#1041=ORIENTED_EDGE('',*,*,#1281,.T.);
#1042=ORIENTED_EDGE('',*,*,#1365,.T.);
#1043=ORIENTED_EDGE('',*,*,#1367,.T.);
#1044=ORIENTED_EDGE('',*,*,#1289,.F.);
#1045=ORIENTED_EDGE('',*,*,#1285,.T.);
#1046=ORIENTED_EDGE('',*,*,#1299,.F.);
#1047=ORIENTED_EDGE('',*,*,#1368,.F.);
#1048=ORIENTED_EDGE('',*,*,#1346,.T.);
#1049=ORIENTED_EDGE('',*,*,#1364,.T.);
#1050=ORIENTED_EDGE('',*,*,#1362,.T.);
#1051=ORIENTED_EDGE('',*,*,#1290,.F.);
#1052=ORIENTED_EDGE('',*,*,#1367,.F.);
#1053=ORIENTED_EDGE('',*,*,#1361,.F.);
#1054=ORIENTED_EDGE('',*,*,#1353,.T.);
#1055=ORIENTED_EDGE('',*,*,#1369,.T.);
#1056=ORIENTED_EDGE('',*,*,#1293,.T.);
#1057=ORIENTED_EDGE('',*,*,#1369,.F.);
#1058=ORIENTED_EDGE('',*,*,#1356,.T.);
#1059=ORIENTED_EDGE('',*,*,#1370,.T.);
#1060=ORIENTED_EDGE('',*,*,#1294,.F.);
#1061=ORIENTED_EDGE('',*,*,#1370,.F.);
#1062=ORIENTED_EDGE('',*,*,#1355,.T.);
#1063=ORIENTED_EDGE('',*,*,#1351,.T.);
#1064=ORIENTED_EDGE('',*,*,#1295,.T.);
#1065=ORIENTED_EDGE('',*,*,#1347,.T.);
#1066=ORIENTED_EDGE('',*,*,#1368,.T.);
#1067=ORIENTED_EDGE('',*,*,#1298,.F.);
#1068=ORIENTED_EDGE('',*,*,#1350,.F.);
#1069=ORIENTED_EDGE('',*,*,#1324,.T.);
#1070=ORIENTED_EDGE('',*,*,#1345,.T.);
#1071=ORIENTED_EDGE('',*,*,#1301,.F.);
#1072=ORIENTED_EDGE('',*,*,#1327,.F.);
#1073=ORIENTED_EDGE('',*,*,#1344,.F.);
#1074=ORIENTED_EDGE('',*,*,#1336,.T.);
#1075=ORIENTED_EDGE('',*,*,#1371,.T.);
#1076=ORIENTED_EDGE('',*,*,#1304,.T.);
#1077=ORIENTED_EDGE('',*,*,#1371,.F.);
#1078=ORIENTED_EDGE('',*,*,#1339,.T.);
#1079=ORIENTED_EDGE('',*,*,#1372,.T.);
#1080=ORIENTED_EDGE('',*,*,#1305,.F.);
#1081=ORIENTED_EDGE('',*,*,#1372,.F.);
#1082=ORIENTED_EDGE('',*,*,#1338,.T.);
#1083=ORIENTED_EDGE('',*,*,#1334,.T.);
#1084=ORIENTED_EDGE('',*,*,#1306,.T.);
#1085=ORIENTED_EDGE('',*,*,#1330,.T.);
#1086=ORIENTED_EDGE('',*,*,#1328,.T.);
#1087=ORIENTED_EDGE('',*,*,#1309,.F.);
#1088=ORIENTED_EDGE('',*,*,#1333,.F.);
#1089=ORIENTED_EDGE('',*,*,#1311,.F.);
#1090=ORIENTED_EDGE('',*,*,#1373,.F.);
#1091=ORIENTED_EDGE('',*,*,#1340,.F.);
#1092=ORIENTED_EDGE('',*,*,#1374,.T.);
#1093=ORIENTED_EDGE('',*,*,#1312,.F.);
#1094=ORIENTED_EDGE('',*,*,#1374,.F.);
#1095=ORIENTED_EDGE('',*,*,#1343,.F.);
#1096=ORIENTED_EDGE('',*,*,#1375,.T.);
#1097=ORIENTED_EDGE('',*,*,#1313,.F.);
#1098=ORIENTED_EDGE('',*,*,#1375,.F.);
#1099=ORIENTED_EDGE('',*,*,#1342,.F.);
#1100=ORIENTED_EDGE('',*,*,#1376,.T.);
#1101=ORIENTED_EDGE('',*,*,#1314,.F.);
#1102=ORIENTED_EDGE('',*,*,#1376,.F.);
#1103=ORIENTED_EDGE('',*,*,#1341,.F.);
#1104=ORIENTED_EDGE('',*,*,#1373,.T.);
#1105=ORIENTED_EDGE('',*,*,#1315,.F.);
#1106=ORIENTED_EDGE('',*,*,#1377,.F.);
#1107=ORIENTED_EDGE('',*,*,#1357,.F.);
#1108=ORIENTED_EDGE('',*,*,#1378,.T.);
#1109=ORIENTED_EDGE('',*,*,#1316,.F.);
#1110=ORIENTED_EDGE('',*,*,#1378,.F.);
#1111=ORIENTED_EDGE('',*,*,#1360,.F.);
#1112=ORIENTED_EDGE('',*,*,#1379,.T.);
#1113=ORIENTED_EDGE('',*,*,#1317,.F.);
#1114=ORIENTED_EDGE('',*,*,#1379,.F.);
#1115=ORIENTED_EDGE('',*,*,#1359,.F.);
#1116=ORIENTED_EDGE('',*,*,#1380,.T.);
#1117=ORIENTED_EDGE('',*,*,#1318,.F.);
#1118=ORIENTED_EDGE('',*,*,#1380,.F.);
#1119=ORIENTED_EDGE('',*,*,#1358,.F.);
#1120=ORIENTED_EDGE('',*,*,#1377,.T.);
#1121=ORIENTED_EDGE('',*,*,#1366,.F.);
#1122=ORIENTED_EDGE('',*,*,#1319,.F.);
#1123=ORIENTED_EDGE('',*,*,#1332,.F.);
#1124=ORIENTED_EDGE('',*,*,#1320,.F.);
#1125=ORIENTED_EDGE('',*,*,#1349,.F.);
#1126=ORIENTED_EDGE('',*,*,#1321,.F.);
#1127=ORIENTED_EDGE('',*,*,#1326,.F.);
#1128=ORIENTED_EDGE('',*,*,#1322,.F.);
#1129=ORIENTED_EDGE('',*,*,#1381,.F.);
#1130=ORIENTED_EDGE('',*,*,#1382,.T.);
#1131=ORIENTED_EDGE('',*,*,#1383,.F.);
#1132=ORIENTED_EDGE('',*,*,#1384,.T.);
#1133=ORIENTED_EDGE('',*,*,#1385,.F.);
#1134=ORIENTED_EDGE('',*,*,#1386,.T.);
#1135=ORIENTED_EDGE('',*,*,#1387,.F.);
#1136=ORIENTED_EDGE('',*,*,#1388,.T.);
#1137=ORIENTED_EDGE('',*,*,#1389,.T.);
#1138=ORIENTED_EDGE('',*,*,#1390,.F.);
#1139=ORIENTED_EDGE('',*,*,#1391,.F.);
#1140=ORIENTED_EDGE('',*,*,#1392,.F.);
#1141=ORIENTED_EDGE('',*,*,#1393,.F.);
#1142=ORIENTED_EDGE('',*,*,#1394,.F.);
#1143=ORIENTED_EDGE('',*,*,#1395,.F.);
#1144=ORIENTED_EDGE('',*,*,#1396,.F.);
#1145=ORIENTED_EDGE('',*,*,#1397,.F.);
#1146=ORIENTED_EDGE('',*,*,#1398,.T.);
#1147=ORIENTED_EDGE('',*,*,#1389,.F.);
#1148=ORIENTED_EDGE('',*,*,#1398,.F.);
#1149=ORIENTED_EDGE('',*,*,#1399,.F.);
#1150=ORIENTED_EDGE('',*,*,#1400,.T.);
#1151=ORIENTED_EDGE('',*,*,#1401,.T.);
#1152=ORIENTED_EDGE('',*,*,#1381,.T.);
#1153=ORIENTED_EDGE('',*,*,#1401,.F.);
#1154=ORIENTED_EDGE('',*,*,#1402,.T.);
#1155=ORIENTED_EDGE('',*,*,#1403,.T.);
#1156=ORIENTED_EDGE('',*,*,#1382,.F.);
#1157=ORIENTED_EDGE('',*,*,#1403,.F.);
#1158=ORIENTED_EDGE('',*,*,#1404,.T.);
#1159=ORIENTED_EDGE('',*,*,#1405,.T.);
#1160=ORIENTED_EDGE('',*,*,#1383,.T.);
#1161=ORIENTED_EDGE('',*,*,#1405,.F.);
#1162=ORIENTED_EDGE('',*,*,#1406,.T.);
#1163=ORIENTED_EDGE('',*,*,#1407,.T.);
#1164=ORIENTED_EDGE('',*,*,#1384,.F.);
#1165=ORIENTED_EDGE('',*,*,#1407,.F.);
#1166=ORIENTED_EDGE('',*,*,#1408,.T.);
#1167=ORIENTED_EDGE('',*,*,#1409,.T.);
#1168=ORIENTED_EDGE('',*,*,#1385,.T.);
#1169=ORIENTED_EDGE('',*,*,#1409,.F.);
#1170=ORIENTED_EDGE('',*,*,#1410,.T.);
#1171=ORIENTED_EDGE('',*,*,#1411,.T.);
#1172=ORIENTED_EDGE('',*,*,#1386,.F.);
#1173=ORIENTED_EDGE('',*,*,#1411,.F.);
#1174=ORIENTED_EDGE('',*,*,#1412,.T.);
#1175=ORIENTED_EDGE('',*,*,#1413,.T.);
#1176=ORIENTED_EDGE('',*,*,#1387,.T.);
#1177=ORIENTED_EDGE('',*,*,#1399,.T.);
#1178=ORIENTED_EDGE('',*,*,#1388,.F.);
#1179=ORIENTED_EDGE('',*,*,#1413,.F.);
#1180=ORIENTED_EDGE('',*,*,#1414,.T.);
#1181=ORIENTED_EDGE('',*,*,#1415,.T.);
#1182=ORIENTED_EDGE('',*,*,#1390,.T.);
#1183=ORIENTED_EDGE('',*,*,#1416,.F.);
#1184=ORIENTED_EDGE('',*,*,#1417,.T.);
#1185=ORIENTED_EDGE('',*,*,#1415,.F.);
#1186=ORIENTED_EDGE('',*,*,#1418,.F.);
#1187=ORIENTED_EDGE('',*,*,#1419,.T.);
#1188=ORIENTED_EDGE('',*,*,#1391,.T.);
#1189=ORIENTED_EDGE('',*,*,#1420,.T.);
#1190=ORIENTED_EDGE('',*,*,#1392,.T.);
#1191=ORIENTED_EDGE('',*,*,#1419,.F.);
#1192=ORIENTED_EDGE('',*,*,#1421,.T.);
#1193=ORIENTED_EDGE('',*,*,#1420,.F.);
#1194=ORIENTED_EDGE('',*,*,#1422,.F.);
#1195=ORIENTED_EDGE('',*,*,#1423,.T.);
#1196=ORIENTED_EDGE('',*,*,#1393,.T.);
#1197=ORIENTED_EDGE('',*,*,#1424,.T.);
#1198=ORIENTED_EDGE('',*,*,#1394,.T.);
#1199=ORIENTED_EDGE('',*,*,#1423,.F.);
#1200=ORIENTED_EDGE('',*,*,#1425,.T.);
#1201=ORIENTED_EDGE('',*,*,#1424,.F.);
#1202=ORIENTED_EDGE('',*,*,#1426,.F.);
#1203=ORIENTED_EDGE('',*,*,#1427,.T.);
#1204=ORIENTED_EDGE('',*,*,#1395,.T.);
#1205=ORIENTED_EDGE('',*,*,#1428,.T.);
#1206=ORIENTED_EDGE('',*,*,#1396,.T.);
#1207=ORIENTED_EDGE('',*,*,#1427,.F.);
#1208=ORIENTED_EDGE('',*,*,#1429,.T.);
#1209=ORIENTED_EDGE('',*,*,#1416,.T.);
#1210=ORIENTED_EDGE('',*,*,#1397,.T.);
#1211=ORIENTED_EDGE('',*,*,#1428,.F.);
#1212=ORIENTED_EDGE('',*,*,#1430,.F.);
#1213=ORIENTED_EDGE('',*,*,#1400,.F.);
#1214=ORIENTED_EDGE('',*,*,#1414,.F.);
#1215=ORIENTED_EDGE('',*,*,#1412,.F.);
#1216=ORIENTED_EDGE('',*,*,#1410,.F.);
#1217=ORIENTED_EDGE('',*,*,#1408,.F.);
#1218=ORIENTED_EDGE('',*,*,#1406,.F.);
#1219=ORIENTED_EDGE('',*,*,#1404,.F.);
#1220=ORIENTED_EDGE('',*,*,#1402,.F.);
#1221=ORIENTED_EDGE('',*,*,#1417,.F.);
#1222=ORIENTED_EDGE('',*,*,#1430,.T.);
#1223=ORIENTED_EDGE('',*,*,#1429,.F.);
#1224=ORIENTED_EDGE('',*,*,#1426,.T.);
#1225=ORIENTED_EDGE('',*,*,#1425,.F.);
#1226=ORIENTED_EDGE('',*,*,#1422,.T.);
#1227=ORIENTED_EDGE('',*,*,#1421,.F.);
#1228=ORIENTED_EDGE('',*,*,#1418,.T.);
#1229=EDGE_CURVE('',#1431,#1432,#1433,.F.);
#1230=EDGE_CURVE('',#1431,#1434,#1435,.T.);
#1231=EDGE_CURVE('',#1436,#1434,#1437,.F.);
#1232=EDGE_CURVE('',#1436,#1438,#1439,.T.);
#1233=EDGE_CURVE('',#1440,#1438,#1441,.F.);
#1234=EDGE_CURVE('',#1440,#1442,#1443,.T.);
#1235=EDGE_CURVE('',#1444,#1442,#1445,.F.);
#1236=EDGE_CURVE('',#1444,#1432,#1446,.T.);
#1237=EDGE_CURVE('',#1447,#1448,#1449,.F.);
#1238=EDGE_CURVE('',#1448,#1450,#1451,.F.);
#1239=EDGE_CURVE('',#1450,#1452,#1453,.F.);
#1240=EDGE_CURVE('',#1452,#1447,#1454,.F.);
#1241=EDGE_CURVE('',#1455,#1448,#1456,.T.);
#1242=EDGE_CURVE('',#1457,#1455,#1458,.T.);
#1243=EDGE_CURVE('',#1457,#1450,#1459,.T.);
#1244=EDGE_CURVE('',#1460,#1457,#1461,.T.);
#1245=EDGE_CURVE('',#1460,#1452,#1462,.T.);
#1246=EDGE_CURVE('',#1463,#1460,#1464,.T.);
#1247=EDGE_CURVE('',#1463,#1447,#1465,.T.);
#1248=EDGE_CURVE('',#1455,#1463,#1466,.T.);
#1249=EDGE_CURVE('',#1467,#1432,#1468,.T.);
#1250=EDGE_CURVE('',#1467,#1469,#1470,.F.);
#1251=EDGE_CURVE('',#1469,#1431,#1471,.T.);
#1252=EDGE_CURVE('',#1472,#1473,#1474,.F.);
#1253=EDGE_CURVE('',#1475,#1472,#1476,.T.);
#1254=EDGE_CURVE('',#1475,#1477,#1478,.T.);
#1255=EDGE_CURVE('',#1477,#1434,#1479,.T.);
#1256=EDGE_CURVE('',#1469,#1480,#1481,.T.);
#1257=EDGE_CURVE('',#1482,#1480,#1483,.T.);
#1258=EDGE_CURVE('',#1484,#1482,#1485,.F.);
#1259=EDGE_CURVE('',#1486,#1484,#1487,.T.);
#1260=EDGE_CURVE('',#1486,#1488,#1489,.T.);
#1261=EDGE_CURVE('',#1490,#1488,#1491,.T.);
#1262=EDGE_CURVE('',#1492,#1490,#1493,.F.);
#1263=EDGE_CURVE('',#1494,#1492,#1495,.T.);
#1264=EDGE_CURVE('',#1494,#1496,#1497,.T.);
#1265=EDGE_CURVE('',#1473,#1496,#1498,.T.);
#1266=EDGE_CURVE('',#1477,#1499,#1500,.F.);
#1267=EDGE_CURVE('',#1499,#1436,#1501,.T.);
#1268=EDGE_CURVE('',#1499,#1502,#1503,.T.);
#1269=EDGE_CURVE('',#1502,#1438,#1504,.T.);
#1270=EDGE_CURVE('',#1502,#1505,#1506,.F.);
#1271=EDGE_CURVE('',#1505,#1440,#1507,.T.);
#1272=EDGE_CURVE('',#1508,#1509,#1510,.F.);
#1273=EDGE_CURVE('',#1511,#1508,#1512,.T.);
#1274=EDGE_CURVE('',#1511,#1513,#1514,.T.);
#1275=EDGE_CURVE('',#1515,#1513,#1516,.T.);
#1276=EDGE_CURVE('',#1517,#1515,#1518,.F.);
#1277=EDGE_CURVE('',#1519,#1517,#1520,.T.);
#1278=EDGE_CURVE('',#1519,#1521,#1522,.T.);
#1279=EDGE_CURVE('',#1523,#1521,#1524,.T.);
#1280=EDGE_CURVE('',#1525,#1523,#1526,.F.);
#1281=EDGE_CURVE('',#1527,#1525,#1528,.T.);
#1282=EDGE_CURVE('',#1527,#1529,#1530,.T.);
#1283=EDGE_CURVE('',#1529,#1442,#1531,.T.);
#1284=EDGE_CURVE('',#1505,#1532,#1533,.T.);
#1285=EDGE_CURVE('',#1509,#1532,#1534,.T.);
#1286=EDGE_CURVE('',#1529,#1535,#1536,.F.);
#1287=EDGE_CURVE('',#1535,#1444,#1537,.T.);
#1288=EDGE_CURVE('',#1535,#1467,#1538,.T.);
#1289=EDGE_CURVE('',#1527,#1539,#1540,.T.);
#1290=EDGE_CURVE('',#1539,#1541,#1542,.T.);
#1291=EDGE_CURVE('',#1541,#1521,#1543,.T.);
#1292=EDGE_CURVE('',#1519,#1544,#1545,.T.);
#1293=EDGE_CURVE('',#1546,#1544,#1547,.F.);
#1294=EDGE_CURVE('',#1546,#1548,#1549,.T.);
#1295=EDGE_CURVE('',#1550,#1548,#1551,.F.);
#1296=EDGE_CURVE('',#1550,#1513,#1552,.T.);
#1297=EDGE_CURVE('',#1511,#1553,#1554,.T.);
#1298=EDGE_CURVE('',#1553,#1555,#1556,.T.);
#1299=EDGE_CURVE('',#1555,#1532,#1557,.T.);
#1300=EDGE_CURVE('',#1475,#1558,#1559,.T.);
#1301=EDGE_CURVE('',#1558,#1560,#1561,.T.);
#1302=EDGE_CURVE('',#1560,#1496,#1562,.T.);
#1303=EDGE_CURVE('',#1494,#1563,#1564,.T.);
#1304=EDGE_CURVE('',#1565,#1563,#1566,.F.);
#1305=EDGE_CURVE('',#1565,#1567,#1568,.T.);
#1306=EDGE_CURVE('',#1569,#1567,#1570,.F.);
#1307=EDGE_CURVE('',#1569,#1488,#1571,.T.);
#1308=EDGE_CURVE('',#1486,#1572,#1573,.T.);
#1309=EDGE_CURVE('',#1572,#1574,#1575,.T.);
#1310=EDGE_CURVE('',#1574,#1480,#1576,.T.);
#1311=EDGE_CURVE('',#1577,#1578,#1579,.T.);
#1312=EDGE_CURVE('',#1578,#1580,#1581,.F.);
#1313=EDGE_CURVE('',#1580,#1582,#1583,.T.);
#1314=EDGE_CURVE('',#1582,#1577,#1584,.F.);
#1315=EDGE_CURVE('',#1585,#1586,#1587,.T.);
#1316=EDGE_CURVE('',#1586,#1588,#1589,.F.);
#1317=EDGE_CURVE('',#1588,#1590,#1591,.T.);
#1318=EDGE_CURVE('',#1590,#1585,#1592,.F.);
#1319=EDGE_CURVE('',#1593,#1593,#1594,.F.);
#1320=EDGE_CURVE('',#1595,#1595,#1596,.F.);
#1321=EDGE_CURVE('',#1597,#1597,#1598,.F.);
#1322=EDGE_CURVE('',#1599,#1599,#1600,.F.);
#1323=EDGE_CURVE('',#1601,#1473,#1602,.T.);
#1324=EDGE_CURVE('',#1603,#1601,#1604,.T.);
#1325=EDGE_CURVE('',#1472,#1603,#1605,.T.);
#1326=EDGE_CURVE('',#1606,#1606,#1607,.T.);
#1327=EDGE_CURVE('',#1603,#1558,#1608,.T.);
#1328=EDGE_CURVE('',#1609,#1574,#1610,.T.);
#1329=EDGE_CURVE('',#1609,#1482,#1611,.T.);
#1330=EDGE_CURVE('',#1612,#1609,#1613,.T.);
#1331=EDGE_CURVE('',#1484,#1612,#1614,.T.);
#1332=EDGE_CURVE('',#1615,#1615,#1616,.T.);
#1333=EDGE_CURVE('',#1612,#1572,#1617,.T.);
#1334=EDGE_CURVE('',#1618,#1569,#1619,.T.);
#1335=EDGE_CURVE('',#1618,#1490,#1620,.T.);
#1336=EDGE_CURVE('',#1621,#1622,#1623,.F.);
#1337=EDGE_CURVE('',#1492,#1621,#1624,.T.);
#1338=EDGE_CURVE('',#1625,#1618,#1626,.F.);
#1339=EDGE_CURVE('',#1622,#1625,#1627,.T.);
#1340=EDGE_CURVE('',#1628,#1629,#1630,.T.);
#1341=EDGE_CURVE('',#1629,#1631,#1632,.T.);
#1342=EDGE_CURVE('',#1631,#1633,#1634,.T.);
#1343=EDGE_CURVE('',#1633,#1628,#1635,.T.);
#1344=EDGE_CURVE('',#1621,#1563,#1636,.T.);
#1345=EDGE_CURVE('',#1601,#1560,#1637,.T.);
#1346=EDGE_CURVE('',#1638,#1509,#1639,.T.);
#1347=EDGE_CURVE('',#1640,#1638,#1641,.T.);
#1348=EDGE_CURVE('',#1508,#1640,#1642,.T.);
#1349=EDGE_CURVE('',#1643,#1643,#1644,.T.);
#1350=EDGE_CURVE('',#1640,#1553,#1645,.T.);
#1351=EDGE_CURVE('',#1646,#1550,#1647,.T.);
#1352=EDGE_CURVE('',#1646,#1515,#1648,.T.);
#1353=EDGE_CURVE('',#1649,#1650,#1651,.F.);
#1354=EDGE_CURVE('',#1517,#1649,#1652,.T.);
#1355=EDGE_CURVE('',#1653,#1646,#1654,.F.);
#1356=EDGE_CURVE('',#1650,#1653,#1655,.T.);
#1357=EDGE_CURVE('',#1656,#1657,#1658,.T.);
#1358=EDGE_CURVE('',#1657,#1659,#1660,.T.);
#1359=EDGE_CURVE('',#1659,#1661,#1662,.T.);
#1360=EDGE_CURVE('',#1661,#1656,#1663,.T.);
#1361=EDGE_CURVE('',#1649,#1544,#1664,.T.);
#1362=EDGE_CURVE('',#1665,#1541,#1666,.T.);
#1363=EDGE_CURVE('',#1665,#1523,#1667,.T.);
#1364=EDGE_CURVE('',#1668,#1665,#1669,.T.);
#1365=EDGE_CURVE('',#1525,#1668,#1670,.T.);
#1366=EDGE_CURVE('',#1671,#1671,#1672,.T.);
#1367=EDGE_CURVE('',#1668,#1539,#1673,.T.);
#1368=EDGE_CURVE('',#1638,#1555,#1674,.T.);
#1369=EDGE_CURVE('',#1650,#1546,#1675,.T.);
#1370=EDGE_CURVE('',#1653,#1548,#1676,.T.);
#1371=EDGE_CURVE('',#1622,#1565,#1677,.T.);
#1372=EDGE_CURVE('',#1625,#1567,#1678,.T.);
#1373=EDGE_CURVE('',#1629,#1577,#1679,.T.);
#1374=EDGE_CURVE('',#1628,#1578,#1680,.T.);
#1375=EDGE_CURVE('',#1633,#1580,#1681,.T.);
#1376=EDGE_CURVE('',#1631,#1582,#1682,.T.);
#1377=EDGE_CURVE('',#1657,#1585,#1683,.T.);
#1378=EDGE_CURVE('',#1656,#1586,#1684,.T.);
#1379=EDGE_CURVE('',#1661,#1588,#1685,.T.);
#1380=EDGE_CURVE('',#1659,#1590,#1686,.T.);
#1381=EDGE_CURVE('',#1687,#1688,#1689,.F.);
#1382=EDGE_CURVE('',#1687,#1690,#1691,.T.);
#1383=EDGE_CURVE('',#1692,#1690,#1693,.F.);
#1384=EDGE_CURVE('',#1692,#1694,#1695,.T.);
#1385=EDGE_CURVE('',#1696,#1694,#1697,.F.);
#1386=EDGE_CURVE('',#1696,#1698,#1699,.T.);
#1387=EDGE_CURVE('',#1700,#1698,#1701,.F.);
#1388=EDGE_CURVE('',#1700,#1688,#1702,.T.);
#1389=EDGE_CURVE('',#1703,#1703,#1704,.F.);
#1390=EDGE_CURVE('',#1705,#1706,#1707,.F.);
#1391=EDGE_CURVE('',#1708,#1705,#1709,.T.);
#1392=EDGE_CURVE('',#1710,#1708,#1711,.F.);
#1393=EDGE_CURVE('',#1712,#1710,#1713,.T.);
#1394=EDGE_CURVE('',#1714,#1712,#1715,.F.);
#1395=EDGE_CURVE('',#1716,#1714,#1717,.T.);
#1396=EDGE_CURVE('',#1718,#1716,#1719,.F.);
#1397=EDGE_CURVE('',#1706,#1718,#1720,.T.);
#1398=EDGE_CURVE('',#1721,#1721,#1722,.T.);
#1399=EDGE_CURVE('',#1723,#1688,#1724,.T.);
#1400=EDGE_CURVE('',#1723,#1725,#1726,.F.);
#1401=EDGE_CURVE('',#1725,#1687,#1727,.T.);
#1402=EDGE_CURVE('',#1725,#1728,#1729,.T.);
#1403=EDGE_CURVE('',#1728,#1690,#1730,.T.);
#1404=EDGE_CURVE('',#1728,#1731,#1732,.F.);
#1405=EDGE_CURVE('',#1731,#1692,#1733,.T.);
#1406=EDGE_CURVE('',#1731,#1734,#1735,.T.);
#1407=EDGE_CURVE('',#1734,#1694,#1736,.T.);
#1408=EDGE_CURVE('',#1734,#1737,#1738,.F.);
#1409=EDGE_CURVE('',#1737,#1696,#1739,.T.);
#1410=EDGE_CURVE('',#1737,#1740,#1741,.T.);
#1411=EDGE_CURVE('',#1740,#1698,#1742,.T.);
#1412=EDGE_CURVE('',#1740,#1743,#1744,.F.);
#1413=EDGE_CURVE('',#1743,#1700,#1745,.T.);
#1414=EDGE_CURVE('',#1743,#1723,#1746,.T.);
#1415=EDGE_CURVE('',#1747,#1705,#1748,.T.);
#1416=EDGE_CURVE('',#1749,#1706,#1750,.T.);
#1417=EDGE_CURVE('',#1749,#1747,#1751,.F.);
#1418=EDGE_CURVE('',#1752,#1747,#1753,.T.);
#1419=EDGE_CURVE('',#1752,#1708,#1754,.T.);
#1420=EDGE_CURVE('',#1755,#1710,#1756,.T.);
#1421=EDGE_CURVE('',#1752,#1755,#1757,.F.);
#1422=EDGE_CURVE('',#1758,#1755,#1759,.T.);
#1423=EDGE_CURVE('',#1758,#1712,#1760,.T.);
#1424=EDGE_CURVE('',#1761,#1714,#1762,.T.);
#1425=EDGE_CURVE('',#1758,#1761,#1763,.F.);
#1426=EDGE_CURVE('',#1764,#1761,#1765,.T.);
#1427=EDGE_CURVE('',#1764,#1716,#1766,.T.);
#1428=EDGE_CURVE('',#1767,#1718,#1768,.T.);
#1429=EDGE_CURVE('',#1764,#1767,#1769,.F.);
#1430=EDGE_CURVE('',#1749,#1767,#1770,.T.);
#1431=VERTEX_POINT('',#1771);
#1432=VERTEX_POINT('',#1772);
#1433=CIRCLE('',#1773,3.);
#1434=VERTEX_POINT('',#1777);
#1435=LINE('',#1778,#1779);
#1436=VERTEX_POINT('',#1781);
#1437=CIRCLE('',#1782,3.);
#1438=VERTEX_POINT('',#1786);
#1439=LINE('',#1787,#1788);
#1440=VERTEX_POINT('',#1790);
#1441=CIRCLE('',#1791,3.);
#1442=VERTEX_POINT('',#1795);
#1443=LINE('',#1796,#1797);
#1444=VERTEX_POINT('',#1799);
#1445=CIRCLE('',#1800,3.);
#1446=LINE('',#1804,#1805);
#1447=VERTEX_POINT('',#1807);
#1448=VERTEX_POINT('',#1808);
#1449=LINE('',#1809,#1810);
#1450=VERTEX_POINT('',#1812);
#1451=LINE('',#1813,#1814);
#1452=VERTEX_POINT('',#1816);
#1453=LINE('',#1817,#1818);
#1454=LINE('',#1820,#1821);
#1455=VERTEX_POINT('',#1823);
#1456=LINE('',#1824,#1825);
#1457=VERTEX_POINT('',#1827);
#1458=LINE('',#1828,#1829);
#1459=LINE('',#1831,#1832);
#1460=VERTEX_POINT('',#1834);
#1461=LINE('',#1835,#1836);
#1462=LINE('',#1838,#1839);
#1463=VERTEX_POINT('',#1841);
#1464=LINE('',#1842,#1843);
#1465=LINE('',#1845,#1846);
#1466=LINE('',#1848,#1849);
#1467=VERTEX_POINT('',#1851);
#1468=LINE('',#1852,#1853);
#1469=VERTEX_POINT('',#1855);
#1470=CIRCLE('',#1856,3.);
#1471=LINE('',#1860,#1861);
#1472=VERTEX_POINT('',#1863);
#1473=VERTEX_POINT('',#1864);
#1474=LINE('',#1865,#1866);
#1475=VERTEX_POINT('',#1868);
#1476=LINE('',#1869,#1870);
#1477=VERTEX_POINT('',#1872);
#1478=LINE('',#1873,#1874);
#1479=LINE('',#1876,#1877);
#1480=VERTEX_POINT('',#1879);
#1481=LINE('',#1880,#1881);
#1482=VERTEX_POINT('',#1883);
#1483=LINE('',#1884,#1885);
#1484=VERTEX_POINT('',#1887);
#1485=LINE('',#1888,#1889);
#1486=VERTEX_POINT('',#1891);
#1487=LINE('',#1892,#1893);
#1488=VERTEX_POINT('',#1895);
#1489=LINE('',#1896,#1897);
#1490=VERTEX_POINT('',#1899);
#1491=LINE('',#1900,#1901);
#1492=VERTEX_POINT('',#1903);
#1493=LINE('',#1904,#1905);
#1494=VERTEX_POINT('',#1907);
#1495=LINE('',#1908,#1909);
#1496=VERTEX_POINT('',#1911);
#1497=LINE('',#1912,#1913);
#1498=LINE('',#1915,#1916);
#1499=VERTEX_POINT('',#1918);
#1500=CIRCLE('',#1919,3.00000000000001);
#1501=LINE('',#1923,#1924);
#1502=VERTEX_POINT('',#1926);
#1503=LINE('',#1927,#1928);
#1504=LINE('',#1930,#1931);
#1505=VERTEX_POINT('',#1933);
#1506=CIRCLE('',#1934,3.);
#1507=LINE('',#1938,#1939);
#1508=VERTEX_POINT('',#1941);
#1509=VERTEX_POINT('',#1942);
#1510=LINE('',#1943,#1944);
#1511=VERTEX_POINT('',#1946);
#1512=LINE('',#1947,#1948);
#1513=VERTEX_POINT('',#1950);
#1514=LINE('',#1951,#1952);
#1515=VERTEX_POINT('',#1954);
#1516=LINE('',#1955,#1956);
#1517=VERTEX_POINT('',#1958);
#1518=LINE('',#1959,#1960);
#1519=VERTEX_POINT('',#1962);
#1520=LINE('',#1963,#1964);
#1521=VERTEX_POINT('',#1966);
#1522=LINE('',#1967,#1968);
#1523=VERTEX_POINT('',#1970);
#1524=LINE('',#1971,#1972);
#1525=VERTEX_POINT('',#1974);
#1526=LINE('',#1975,#1976);
#1527=VERTEX_POINT('',#1978);
#1528=LINE('',#1979,#1980);
#1529=VERTEX_POINT('',#1982);
#1530=LINE('',#1983,#1984);
#1531=LINE('',#1986,#1987);
#1532=VERTEX_POINT('',#1989);
#1533=LINE('',#1990,#1991);
#1534=LINE('',#1993,#1994);
#1535=VERTEX_POINT('',#1996);
#1536=CIRCLE('',#1997,3.00000000000001);
#1537=LINE('',#2001,#2002);
#1538=LINE('',#2004,#2005);
#1539=VERTEX_POINT('',#2007);
#1540=LINE('',#2008,#2009);
#1541=VERTEX_POINT('',#2011);
#1542=CIRCLE('',#2012,4.00000000000001);
#1543=LINE('',#2016,#2017);
#1544=VERTEX_POINT('',#2019);
#1545=LINE('',#2020,#2021);
#1546=VERTEX_POINT('',#2023);
#1547=CIRCLE('',#2024,4.);
#1548=VERTEX_POINT('',#2028);
#1549=LINE('',#2029,#2030);
#1550=VERTEX_POINT('',#2032);
#1551=CIRCLE('',#2033,4.);
#1552=LINE('',#2037,#2038);
#1553=VERTEX_POINT('',#2040);
#1554=LINE('',#2041,#2042);
#1555=VERTEX_POINT('',#2044);
#1556=CIRCLE('',#2045,4.00000000000001);
#1557=LINE('',#2049,#2050);
#1558=VERTEX_POINT('',#2052);
#1559=LINE('',#2053,#2054);
#1560=VERTEX_POINT('',#2056);
#1561=CIRCLE('',#2057,3.99999999999998);
#1562=LINE('',#2061,#2062);
#1563=VERTEX_POINT('',#2064);
#1564=LINE('',#2065,#2066);
#1565=VERTEX_POINT('',#2068);
#1566=CIRCLE('',#2069,4.);
#1567=VERTEX_POINT('',#2073);
#1568=LINE('',#2074,#2075);
#1569=VERTEX_POINT('',#2077);
#1570=CIRCLE('',#2078,4.);
#1571=LINE('',#2082,#2083);
#1572=VERTEX_POINT('',#2085);
#1573=LINE('',#2086,#2087);
#1574=VERTEX_POINT('',#2089);
#1575=CIRCLE('',#2090,3.99999999999998);
#1576=LINE('',#2094,#2095);
#1577=VERTEX_POINT('',#2097);
#1578=VERTEX_POINT('',#2098);
#1579=LINE('',#2099,#2100);
#1580=VERTEX_POINT('',#2102);
#1581=CIRCLE('',#2103,1.66666666666666);
#1582=VERTEX_POINT('',#2107);
#1583=LINE('',#2108,#2109);
#1584=CIRCLE('',#2111,1.66666666666666);
#1585=VERTEX_POINT('',#2115);
#1586=VERTEX_POINT('',#2116);
#1587=LINE('',#2117,#2118);
#1588=VERTEX_POINT('',#2120);
#1589=CIRCLE('',#2121,1.66666666666666);
#1590=VERTEX_POINT('',#2125);
#1591=LINE('',#2126,#2127);
#1592=CIRCLE('',#2129,1.66666666666666);
#1593=VERTEX_POINT('',#2133);
#1594=CIRCLE('',#2134,2.);
#1595=VERTEX_POINT('',#2138);
#1596=CIRCLE('',#2139,2.);
#1597=VERTEX_POINT('',#2143);
#1598=CIRCLE('',#2144,2.);
#1599=VERTEX_POINT('',#2148);
#1600=CIRCLE('',#2149,2.);
#1601=VERTEX_POINT('',#2153);
#1602=LINE('',#2154,#2155);
#1603=VERTEX_POINT('',#2157);
#1604=CIRCLE('',#2158,3.99999999999998);
#1605=LINE('',#2162,#2163);
#1606=VERTEX_POINT('',#2165);
#1607=CIRCLE('',#2166,2.);
#1608=LINE('',#2170,#2171);
#1609=VERTEX_POINT('',#2173);
#1610=LINE('',#2174,#2175);
#1611=LINE('',#2177,#2178);
#1612=VERTEX_POINT('',#2180);
#1613=CIRCLE('',#2181,3.99999999999998);
#1614=LINE('',#2185,#2186);
#1615=VERTEX_POINT('',#2188);
#1616=CIRCLE('',#2189,2.);
#1617=LINE('',#2193,#2194);
#1618=VERTEX_POINT('',#2196);
#1619=LINE('',#2197,#2198);
#1620=LINE('',#2200,#2201);
#1621=VERTEX_POINT('',#2203);
#1622=VERTEX_POINT('',#2204);
#1623=CIRCLE('',#2205,4.);
#1624=LINE('',#2209,#2210);
#1625=VERTEX_POINT('',#2212);
#1626=CIRCLE('',#2213,4.00000000000001);
#1627=LINE('',#2217,#2218);
#1628=VERTEX_POINT('',#2220);
#1629=VERTEX_POINT('',#2221);
#1630=LINE('',#2222,#2223);
#1631=VERTEX_POINT('',#2225);
#1632=CIRCLE('',#2226,1.66666666666666);
#1633=VERTEX_POINT('',#2230);
#1634=LINE('',#2231,#2232);
#1635=CIRCLE('',#2234,1.66666666666666);
#1636=LINE('',#2238,#2239);
#1637=LINE('',#2241,#2242);
#1638=VERTEX_POINT('',#2244);
#1639=LINE('',#2245,#2246);
#1640=VERTEX_POINT('',#2248);
#1641=CIRCLE('',#2249,4.00000000000001);
#1642=LINE('',#2253,#2254);
#1643=VERTEX_POINT('',#2256);
#1644=CIRCLE('',#2257,2.);
#1645=LINE('',#2261,#2262);
#1646=VERTEX_POINT('',#2264);
#1647=LINE('',#2265,#2266);
#1648=LINE('',#2268,#2269);
#1649=VERTEX_POINT('',#2271);
#1650=VERTEX_POINT('',#2272);
#1651=CIRCLE('',#2273,4.00000000000001);
#1652=LINE('',#2277,#2278);
#1653=VERTEX_POINT('',#2280);
#1654=CIRCLE('',#2281,4.);
#1655=LINE('',#2285,#2286);
#1656=VERTEX_POINT('',#2288);
#1657=VERTEX_POINT('',#2289);
#1658=LINE('',#2290,#2291);
#1659=VERTEX_POINT('',#2293);
#1660=CIRCLE('',#2294,1.66666666666666);
#1661=VERTEX_POINT('',#2298);
#1662=LINE('',#2299,#2300);
#1663=CIRCLE('',#2302,1.66666666666666);
#1664=LINE('',#2306,#2307);
#1665=VERTEX_POINT('',#2309);
#1666=LINE('',#2310,#2311);
#1667=LINE('',#2313,#2314);
#1668=VERTEX_POINT('',#2316);
#1669=CIRCLE('',#2317,4.00000000000001);
#1670=LINE('',#2321,#2322);
#1671=VERTEX_POINT('',#2324);
#1672=CIRCLE('',#2325,2.);
#1673=LINE('',#2329,#2330);
#1674=LINE('',#2332,#2333);
#1675=LINE('',#2335,#2336);
#1676=LINE('',#2338,#2339);
#1677=LINE('',#2341,#2342);
#1678=LINE('',#2344,#2345);
#1679=LINE('',#2347,#2348);
#1680=LINE('',#2350,#2351);
#1681=LINE('',#2353,#2354);
#1682=LINE('',#2356,#2357);
#1683=LINE('',#2359,#2360);
#1684=LINE('',#2362,#2363);
#1685=LINE('',#2365,#2366);
#1686=LINE('',#2368,#2369);
#1687=VERTEX_POINT('',#2371);
#1688=VERTEX_POINT('',#2372);
#1689=CIRCLE('',#2373,3.);
#1690=VERTEX_POINT('',#2377);
#1691=LINE('',#2378,#2379);
#1692=VERTEX_POINT('',#2381);
#1693=CIRCLE('',#2382,3.);
#1694=VERTEX_POINT('',#2386);
#1695=LINE('',#2387,#2388);
#1696=VERTEX_POINT('',#2390);
#1697=CIRCLE('',#2391,3.);
#1698=VERTEX_POINT('',#2395);
#1699=LINE('',#2396,#2397);
#1700=VERTEX_POINT('',#2399);
#1701=CIRCLE('',#2400,3.);
#1702=LINE('',#2404,#2405);
#1703=VERTEX_POINT('',#2407);
#1704=CIRCLE('',#2408,1.5);
#1705=VERTEX_POINT('',#2412);
#1706=VERTEX_POINT('',#2413);
#1707=CIRCLE('',#2414,3.);
#1708=VERTEX_POINT('',#2418);
#1709=LINE('',#2419,#2420);
#1710=VERTEX_POINT('',#2422);
#1711=CIRCLE('',#2423,2.99999999999999);
#1712=VERTEX_POINT('',#2427);
#1713=LINE('',#2428,#2429);
#1714=VERTEX_POINT('',#2431);
#1715=CIRCLE('',#2432,3.);
#1716=VERTEX_POINT('',#2436);
#1717=LINE('',#2437,#2438);
#1718=VERTEX_POINT('',#2440);
#1719=CIRCLE('',#2441,3.);
#1720=LINE('',#2445,#2446);
#1721=VERTEX_POINT('',#2448);
#1722=CIRCLE('',#2449,1.5);
#1723=VERTEX_POINT('',#2453);
#1724=LINE('',#2454,#2455);
#1725=VERTEX_POINT('',#2457);
#1726=CIRCLE('',#2458,3.);
#1727=LINE('',#2462,#2463);
#1728=VERTEX_POINT('',#2465);
#1729=LINE('',#2466,#2467);
#1730=LINE('',#2469,#2470);
#1731=VERTEX_POINT('',#2472);
#1732=CIRCLE('',#2473,2.99999999999999);
#1733=LINE('',#2477,#2478);
#1734=VERTEX_POINT('',#2480);
#1735=LINE('',#2481,#2482);
#1736=LINE('',#2484,#2485);
#1737=VERTEX_POINT('',#2487);
#1738=CIRCLE('',#2488,2.99999999999999);
#1739=LINE('',#2492,#2493);
#1740=VERTEX_POINT('',#2495);
#1741=LINE('',#2496,#2497);
#1742=LINE('',#2499,#2500);
#1743=VERTEX_POINT('',#2502);
#1744=CIRCLE('',#2503,2.99999999999999);
#1745=LINE('',#2507,#2508);
#1746=LINE('',#2510,#2511);
#1747=VERTEX_POINT('',#2513);
#1748=LINE('',#2514,#2515);
#1749=VERTEX_POINT('',#2517);
#1750=LINE('',#2518,#2519);
#1751=CIRCLE('',#2521,3.);
#1752=VERTEX_POINT('',#2525);
#1753=LINE('',#2526,#2527);
#1754=LINE('',#2529,#2530);
#1755=VERTEX_POINT('',#2532);
#1756=LINE('',#2533,#2534);
#1757=CIRCLE('',#2536,3.);
#1758=VERTEX_POINT('',#2540);
#1759=LINE('',#2541,#2542);
#1760=LINE('',#2544,#2545);
#1761=VERTEX_POINT('',#2547);
#1762=LINE('',#2548,#2549);
#1763=CIRCLE('',#2551,3.);
#1764=VERTEX_POINT('',#2555);
#1765=LINE('',#2556,#2557);
#1766=LINE('',#2559,#2560);
#1767=VERTEX_POINT('',#2562);
#1768=LINE('',#2563,#2564);
#1769=CIRCLE('',#2566,3.);
#1770=LINE('',#2570,#2571);
#1771=CARTESIAN_POINT('',(25.,-47.,15.));
#1772=CARTESIAN_POINT('',(22.,-50.,15.));
#1773=AXIS2_PLACEMENT_3D('',#1774,#1775,#1776);
#1774=CARTESIAN_POINT('',(22.,-47.,15.));
#1775=DIRECTION('',(0.,0.,1.));
#1776=DIRECTION('',(1.1842378929335E-15,-1.,0.));
#1777=CARTESIAN_POINT('',(25.,47.,15.));
#1778=CARTESIAN_POINT('',(25.,-47.,15.));
#1779=VECTOR('',#1780,1.);
#1780=DIRECTION('',(7.55896527404362E-17,1.,0.));
#1781=CARTESIAN_POINT('',(22.,50.,15.));
#1782=AXIS2_PLACEMENT_3D('',#1783,#1784,#1785);
#1783=CARTESIAN_POINT('',(22.,47.,15.));
#1784=DIRECTION('',(0.,0.,1.));
#1785=DIRECTION('',(1.,-2.368475785867E-15,0.));
#1786=CARTESIAN_POINT('',(-22.,50.,15.));
#1787=CARTESIAN_POINT('',(22.,50.,15.));
#1788=VECTOR('',#1789,1.);
#1789=DIRECTION('',(-1.,0.,0.));
#1790=CARTESIAN_POINT('',(-25.,47.,15.));
#1791=AXIS2_PLACEMENT_3D('',#1792,#1793,#1794);
#1792=CARTESIAN_POINT('',(-22.,47.,15.));
#1793=DIRECTION('',(0.,0.,1.));
#1794=DIRECTION('',(0.,1.,0.));
#1795=CARTESIAN_POINT('',(-25.,-47.,15.));
#1796=CARTESIAN_POINT('',(-25.,47.,15.));
#1797=VECTOR('',#1798,1.);
#1798=DIRECTION('',(0.,-1.,0.));
#1799=CARTESIAN_POINT('',(-22.,-50.,15.));
#1800=AXIS2_PLACEMENT_3D('',#1801,#1802,#1803);
#1801=CARTESIAN_POINT('',(-22.,-47.,15.));
#1802=DIRECTION('',(0.,0.,1.));
#1803=DIRECTION('',(-1.,2.368475785867E-15,0.));
#1804=CARTESIAN_POINT('',(-22.,-50.,15.));
#1805=VECTOR('',#1806,1.);
#1806=DIRECTION('',(1.,0.,0.));
#1807=CARTESIAN_POINT('',(-23.5,-48.5,15.));
#1808=CARTESIAN_POINT('',(-23.5,48.5,15.));
#1809=CARTESIAN_POINT('',(-23.5,48.5,15.));
#1810=VECTOR('',#1811,1.);
#1811=DIRECTION('',(-1.46503656857753E-16,-1.,0.));
#1812=CARTESIAN_POINT('',(23.5,48.5,15.));
#1813=CARTESIAN_POINT('',(23.5,48.5,15.));
#1814=VECTOR('',#1815,1.);
#1815=DIRECTION('',(-1.,0.,0.));
#1816=CARTESIAN_POINT('',(23.5,-48.5,15.));
#1817=CARTESIAN_POINT('',(23.5,-48.5,15.));
#1818=VECTOR('',#1819,1.);
#1819=DIRECTION('',(1.46503656857753E-16,1.,0.));
#1820=CARTESIAN_POINT('',(-23.5,-48.5,15.));
#1821=VECTOR('',#1822,1.);
#1822=DIRECTION('',(1.,1.51179305480872E-16,0.));
#1823=CARTESIAN_POINT('',(-23.5,48.5,3.));
#1824=CARTESIAN_POINT('',(-23.5,48.5,3.));
#1825=VECTOR('',#1826,1.);
#1826=DIRECTION('',(0.,0.,1.));
#1827=CARTESIAN_POINT('',(23.5,48.5,3.));
#1828=CARTESIAN_POINT('',(23.5,48.5,3.));
#1829=VECTOR('',#1830,1.);
#1830=DIRECTION('',(-1.,0.,0.));
#1831=CARTESIAN_POINT('',(23.5,48.5,3.));
#1832=VECTOR('',#1833,1.);
#1833=DIRECTION('',(0.,0.,1.));
#1834=CARTESIAN_POINT('',(23.5,-48.5,3.));
#1835=CARTESIAN_POINT('',(23.5,-48.5,3.));
#1836=VECTOR('',#1837,1.);
#1837=DIRECTION('',(1.46503656857753E-16,1.,0.));
#1838=CARTESIAN_POINT('',(23.5,-48.5,3.));
#1839=VECTOR('',#1840,1.);
#1840=DIRECTION('',(0.,0.,1.));
#1841=CARTESIAN_POINT('',(-23.5,-48.5,3.));
#1842=CARTESIAN_POINT('',(-23.5,-48.5,3.));
#1843=VECTOR('',#1844,1.);
#1844=DIRECTION('',(1.,1.51179305480872E-16,0.));
#1845=CARTESIAN_POINT('',(-23.5,-48.5,3.));
#1846=VECTOR('',#1847,1.);
#1847=DIRECTION('',(0.,0.,1.));
#1848=CARTESIAN_POINT('',(-23.5,48.5,3.));
#1849=VECTOR('',#1850,1.);
#1850=DIRECTION('',(-1.46503656857753E-16,-1.,0.));
#1851=CARTESIAN_POINT('',(22.,-50.,2.96059473233375E-16));
#1852=CARTESIAN_POINT('',(22.,-50.,8.88178419700125E-16));
#1853=VECTOR('',#1854,1.);
#1854=DIRECTION('',(2.368475785867E-16,0.,1.));
#1855=CARTESIAN_POINT('',(25.,-47.,0.));
#1856=AXIS2_PLACEMENT_3D('',#1857,#1858,#1859);
#1857=CARTESIAN_POINT('',(22.,-47.,0.));
#1858=DIRECTION('',(0.,0.,-1.));
#1859=DIRECTION('',(1.,0.,0.));
#1860=CARTESIAN_POINT('',(25.,-47.,0.));
#1861=VECTOR('',#1862,1.);
#1862=DIRECTION('',(0.,0.,1.));
#1863=CARTESIAN_POINT('',(25.,39.,5.));
#1864=CARTESIAN_POINT('',(25.,31.,5.));
#1865=CARTESIAN_POINT('',(25.,31.,5.));
#1866=VECTOR('',#1867,1.);
#1867=DIRECTION('',(0.,1.,0.));
#1868=CARTESIAN_POINT('',(25.,39.,0.));
#1869=CARTESIAN_POINT('',(25.,39.,0.));
#1870=VECTOR('',#1871,1.);
#1871=DIRECTION('',(0.,0.,1.));
#1872=CARTESIAN_POINT('',(25.,47.,2.96059473233375E-16));
#1873=CARTESIAN_POINT('',(25.,39.,0.));
#1874=VECTOR('',#1875,1.);
#1875=DIRECTION('',(0.,1.,0.));
#1876=CARTESIAN_POINT('',(25.,47.,8.88178419700125E-16));
#1877=VECTOR('',#1878,1.);
#1878=DIRECTION('',(0.,0.,1.));
#1879=CARTESIAN_POINT('',(25.,-39.,0.));
#1880=CARTESIAN_POINT('',(25.,-47.,0.));
#1881=VECTOR('',#1882,1.);
#1882=DIRECTION('',(0.,1.,0.));
#1883=CARTESIAN_POINT('',(25.,-39.,5.));
#1884=CARTESIAN_POINT('',(25.,-39.,5.));
#1885=VECTOR('',#1886,1.);
#1886=DIRECTION('',(0.,0.,-1.));
#1887=CARTESIAN_POINT('',(25.,-31.,5.));
#1888=CARTESIAN_POINT('',(25.,-39.,5.));
#1889=VECTOR('',#1890,1.);
#1890=DIRECTION('',(0.,1.,0.));
#1891=CARTESIAN_POINT('',(25.,-31.,0.));
#1892=CARTESIAN_POINT('',(25.,-31.,0.));
#1893=VECTOR('',#1894,1.);
#1894=DIRECTION('',(0.,0.,1.));
#1895=CARTESIAN_POINT('',(25.,-15.,0.));
#1896=CARTESIAN_POINT('',(25.,-31.,0.));
#1897=VECTOR('',#1898,1.);
#1898=DIRECTION('',(4.44089209850063E-16,1.,0.));
#1899=CARTESIAN_POINT('',(25.,-15.,5.));
#1900=CARTESIAN_POINT('',(25.,-15.,5.));
#1901=VECTOR('',#1902,1.);
#1902=DIRECTION('',(0.,0.,-1.));
#1903=CARTESIAN_POINT('',(25.,15.,5.));
#1904=CARTESIAN_POINT('',(25.,-15.,5.));
#1905=VECTOR('',#1906,1.);
#1906=DIRECTION('',(0.,1.,0.));
#1907=CARTESIAN_POINT('',(25.,15.,0.));
#1908=CARTESIAN_POINT('',(25.,15.,0.));
#1909=VECTOR('',#1910,1.);
#1910=DIRECTION('',(0.,0.,1.));
#1911=CARTESIAN_POINT('',(25.,31.,0.));
#1912=CARTESIAN_POINT('',(25.,15.,0.));
#1913=VECTOR('',#1914,1.);
#1914=DIRECTION('',(2.22044604925031E-16,1.,0.));
#1915=CARTESIAN_POINT('',(25.,31.,5.));
#1916=VECTOR('',#1917,1.);
#1917=DIRECTION('',(0.,0.,-1.));
#1918=CARTESIAN_POINT('',(22.,50.,2.96059473233375E-16));
#1919=AXIS2_PLACEMENT_3D('',#1920,#1921,#1922);
#1920=CARTESIAN_POINT('',(22.,47.,0.));
#1921=DIRECTION('',(0.,0.,-1.));
#1922=DIRECTION('',(0.,1.,0.));
#1923=CARTESIAN_POINT('',(22.,50.,8.88178419700125E-16));
#1924=VECTOR('',#1925,1.);
#1925=DIRECTION('',(0.,0.,1.));
#1926=CARTESIAN_POINT('',(-22.,50.,2.96059473233375E-16));
#1927=CARTESIAN_POINT('',(22.,50.,0.));
#1928=VECTOR('',#1929,1.);
#1929=DIRECTION('',(-1.,0.,0.));
#1930=CARTESIAN_POINT('',(-22.,50.,8.88178419700125E-16));
#1931=VECTOR('',#1932,1.);
#1932=DIRECTION('',(0.,0.,1.));
#1933=CARTESIAN_POINT('',(-25.,47.,2.96059473233375E-16));
#1934=AXIS2_PLACEMENT_3D('',#1935,#1936,#1937);
#1935=CARTESIAN_POINT('',(-22.,47.,0.));
#1936=DIRECTION('',(0.,0.,-1.));
#1937=DIRECTION('',(-1.,0.,0.));
#1938=CARTESIAN_POINT('',(-25.,47.,8.88178419700125E-16));
#1939=VECTOR('',#1940,1.);
#1940=DIRECTION('',(0.,0.,1.));
#1941=CARTESIAN_POINT('',(-25.,31.,5.));
#1942=CARTESIAN_POINT('',(-25.,39.,5.));
#1943=CARTESIAN_POINT('',(-25.,39.,5.));
#1944=VECTOR('',#1945,1.);
#1945=DIRECTION('',(0.,-1.,0.));
#1946=CARTESIAN_POINT('',(-25.,31.,0.));
#1947=CARTESIAN_POINT('',(-25.,31.,0.));
#1948=VECTOR('',#1949,1.);
#1949=DIRECTION('',(0.,0.,1.));
#1950=CARTESIAN_POINT('',(-25.,15.,0.));
#1951=CARTESIAN_POINT('',(-25.,31.,0.));
#1952=VECTOR('',#1953,1.);
#1953=DIRECTION('',(-2.22044604925031E-16,-1.,0.));
#1954=CARTESIAN_POINT('',(-25.,15.,5.));
#1955=CARTESIAN_POINT('',(-25.,15.,5.));
#1956=VECTOR('',#1957,1.);
#1957=DIRECTION('',(0.,0.,-1.));
#1958=CARTESIAN_POINT('',(-25.,-15.,5.));
#1959=CARTESIAN_POINT('',(-25.,15.,5.));
#1960=VECTOR('',#1961,1.);
#1961=DIRECTION('',(0.,-1.,0.));
#1962=CARTESIAN_POINT('',(-25.,-15.,0.));
#1963=CARTESIAN_POINT('',(-25.,-15.,0.));
#1964=VECTOR('',#1965,1.);
#1965=DIRECTION('',(0.,0.,1.));
#1966=CARTESIAN_POINT('',(-25.,-31.,0.));
#1967=CARTESIAN_POINT('',(-25.,-15.,0.));
#1968=VECTOR('',#1969,1.);
#1969=DIRECTION('',(0.,-1.,0.));
#1970=CARTESIAN_POINT('',(-25.,-31.,5.));
#1971=CARTESIAN_POINT('',(-25.,-31.,5.));
#1972=VECTOR('',#1973,1.);
#1973=DIRECTION('',(0.,0.,-1.));
#1974=CARTESIAN_POINT('',(-25.,-39.,5.));
#1975=CARTESIAN_POINT('',(-25.,-31.,5.));
#1976=VECTOR('',#1977,1.);
#1977=DIRECTION('',(0.,-1.,0.));
#1978=CARTESIAN_POINT('',(-25.,-39.,0.));
#1979=CARTESIAN_POINT('',(-25.,-39.,0.));
#1980=VECTOR('',#1981,1.);
#1981=DIRECTION('',(0.,0.,1.));
#1982=CARTESIAN_POINT('',(-25.,-47.,2.96059473233375E-16));
#1983=CARTESIAN_POINT('',(-25.,-39.,0.));
#1984=VECTOR('',#1985,1.);
#1985=DIRECTION('',(0.,-1.,0.));
#1986=CARTESIAN_POINT('',(-25.,-47.,8.88178419700125E-16));
#1987=VECTOR('',#1988,1.);
#1988=DIRECTION('',(0.,0.,1.));
#1989=CARTESIAN_POINT('',(-25.,39.,0.));
#1990=CARTESIAN_POINT('',(-25.,47.,0.));
#1991=VECTOR('',#1992,1.);
#1992=DIRECTION('',(0.,-1.,0.));
#1993=CARTESIAN_POINT('',(-25.,39.,5.));
#1994=VECTOR('',#1995,1.);
#1995=DIRECTION('',(0.,0.,-1.));
#1996=CARTESIAN_POINT('',(-22.,-50.,2.96059473233375E-16));
#1997=AXIS2_PLACEMENT_3D('',#1998,#1999,#2000);
#1998=CARTESIAN_POINT('',(-22.,-47.,0.));
#1999=DIRECTION('',(0.,0.,-1.));
#2000=DIRECTION('',(0.,-1.,0.));
#2001=CARTESIAN_POINT('',(-22.,-50.,8.88178419700125E-16));
#2002=VECTOR('',#2003,1.);
#2003=DIRECTION('',(0.,0.,1.));
#2004=CARTESIAN_POINT('',(-22.,-50.,0.));
#2005=VECTOR('',#2006,1.);
#2006=DIRECTION('',(1.,0.,0.));
#2007=CARTESIAN_POINT('',(-31.,-39.,0.));
#2008=CARTESIAN_POINT('',(-25.,-39.,0.));
#2009=VECTOR('',#2010,1.);
#2010=DIRECTION('',(-1.,1.1842378929335E-15,0.));
#2011=CARTESIAN_POINT('',(-31.,-31.,0.));
#2012=AXIS2_PLACEMENT_3D('',#2013,#2014,#2015);
#2013=CARTESIAN_POINT('',(-31.,-35.,0.));
#2014=DIRECTION('',(0.,0.,-1.));
#2015=DIRECTION('',(-8.88178419700124E-16,-1.,0.));
#2016=CARTESIAN_POINT('',(-31.,-31.,0.));
#2017=VECTOR('',#2018,1.);
#2018=DIRECTION('',(1.,-1.1842378929335E-15,0.));
#2019=CARTESIAN_POINT('',(-31.,-15.,0.));
#2020=CARTESIAN_POINT('',(-25.,-15.,0.));
#2021=VECTOR('',#2022,1.);
#2022=DIRECTION('',(-1.,0.,0.));
#2023=CARTESIAN_POINT('',(-35.,-11.,0.));
#2024=AXIS2_PLACEMENT_3D('',#2025,#2026,#2027);
#2025=CARTESIAN_POINT('',(-31.,-11.,0.));
#2026=DIRECTION('',(0.,0.,-1.));
#2027=DIRECTION('',(0.,-1.,0.));
#2028=CARTESIAN_POINT('',(-35.,11.,0.));
#2029=CARTESIAN_POINT('',(-35.,-11.,0.));
#2030=VECTOR('',#2031,1.);
#2031=DIRECTION('',(0.,1.,0.));
#2032=CARTESIAN_POINT('',(-31.,15.,0.));
#2033=AXIS2_PLACEMENT_3D('',#2034,#2035,#2036);
#2034=CARTESIAN_POINT('',(-31.,11.,0.));
#2035=DIRECTION('',(0.,0.,-1.));
#2036=DIRECTION('',(-1.,-4.44089209850063E-16,0.));
#2037=CARTESIAN_POINT('',(-31.,15.,0.));
#2038=VECTOR('',#2039,1.);
#2039=DIRECTION('',(1.,0.,0.));
#2040=CARTESIAN_POINT('',(-31.,31.,0.));
#2041=CARTESIAN_POINT('',(-25.,31.,0.));
#2042=VECTOR('',#2043,1.);
#2043=DIRECTION('',(-1.,1.1842378929335E-15,0.));
#2044=CARTESIAN_POINT('',(-31.,39.,0.));
#2045=AXIS2_PLACEMENT_3D('',#2046,#2047,#2048);
#2046=CARTESIAN_POINT('',(-31.,35.,0.));
#2047=DIRECTION('',(0.,0.,-1.));
#2048=DIRECTION('',(-8.88178419700124E-16,-1.,0.));
#2049=CARTESIAN_POINT('',(-31.,39.,0.));
#2050=VECTOR('',#2051,1.);
#2051=DIRECTION('',(1.,0.,0.));
#2052=CARTESIAN_POINT('',(31.,39.,0.));
#2053=CARTESIAN_POINT('',(25.,39.,0.));
#2054=VECTOR('',#2055,1.);
#2055=DIRECTION('',(1.,2.368475785867E-15,0.));
#2056=CARTESIAN_POINT('',(31.,31.,0.));
#2057=AXIS2_PLACEMENT_3D('',#2058,#2059,#2060);
#2058=CARTESIAN_POINT('',(31.,35.,0.));
#2059=DIRECTION('',(0.,0.,-1.));
#2060=DIRECTION('',(-8.8817841970013E-16,1.,0.));
#2061=CARTESIAN_POINT('',(31.,31.,0.));
#2062=VECTOR('',#2063,1.);
#2063=DIRECTION('',(-1.,-1.1842378929335E-15,0.));
#2064=CARTESIAN_POINT('',(31.,15.,0.));
#2065=CARTESIAN_POINT('',(25.,15.,0.));
#2066=VECTOR('',#2067,1.);
#2067=DIRECTION('',(1.,0.,0.));
#2068=CARTESIAN_POINT('',(35.,11.,0.));
#2069=AXIS2_PLACEMENT_3D('',#2070,#2071,#2072);
#2070=CARTESIAN_POINT('',(31.,11.,0.));
#2071=DIRECTION('',(0.,0.,-1.));
#2072=DIRECTION('',(0.,1.,0.));
#2073=CARTESIAN_POINT('',(35.,-11.,0.));
#2074=CARTESIAN_POINT('',(35.,11.,0.));
#2075=VECTOR('',#2076,1.);
#2076=DIRECTION('',(0.,-1.,0.));
#2077=CARTESIAN_POINT('',(31.,-15.,0.));
#2078=AXIS2_PLACEMENT_3D('',#2079,#2080,#2081);
#2079=CARTESIAN_POINT('',(31.,-11.,0.));
#2080=DIRECTION('',(0.,0.,-1.));
#2081=DIRECTION('',(1.,-4.44089209850063E-16,0.));
#2082=CARTESIAN_POINT('',(31.,-15.,0.));
#2083=VECTOR('',#2084,1.);
#2084=DIRECTION('',(-1.,-2.96059473233375E-16,0.));
#2085=CARTESIAN_POINT('',(31.,-31.,0.));
#2086=CARTESIAN_POINT('',(25.,-31.,0.));
#2087=VECTOR('',#2088,1.);
#2088=DIRECTION('',(1.,1.1842378929335E-15,0.));
#2089=CARTESIAN_POINT('',(31.,-39.,0.));
#2090=AXIS2_PLACEMENT_3D('',#2091,#2092,#2093);
#2091=CARTESIAN_POINT('',(31.,-35.,0.));
#2092=DIRECTION('',(0.,0.,-1.));
#2093=DIRECTION('',(-8.8817841970013E-16,1.,0.));
#2094=CARTESIAN_POINT('',(31.,-39.,0.));
#2095=VECTOR('',#2096,1.);
#2096=DIRECTION('',(-1.,-2.368475785867E-15,0.));
#2097=CARTESIAN_POINT('',(28.3333333333333,8.33333333333327,0.));
#2098=CARTESIAN_POINT('',(28.3333333333334,-8.33333333333327,0.));
#2099=CARTESIAN_POINT('',(28.3333333333333,8.33333333333326,0.));
#2100=VECTOR('',#2101,1.);
#2101=DIRECTION('',(6.39488462184095E-15,-1.,0.));
#2102=CARTESIAN_POINT('',(31.6666666666667,-8.33333333333326,0.));
#2103=AXIS2_PLACEMENT_3D('',#2104,#2105,#2106);
#2104=CARTESIAN_POINT('',(30.,-8.33333333333327,0.));
#2105=DIRECTION('',(0.,0.,-1.));
#2106=DIRECTION('',(1.,6.39488462184091E-15,0.));
#2107=CARTESIAN_POINT('',(31.6666666666666,8.33333333333328,0.));
#2108=CARTESIAN_POINT('',(31.6666666666667,-8.33333333333326,0.));
#2109=VECTOR('',#2110,1.);
#2110=DIRECTION('',(-6.39488462184095E-15,1.,0.));
#2111=AXIS2_PLACEMENT_3D('',#2112,#2113,#2114);
#2112=CARTESIAN_POINT('',(29.9999999999999,8.33333333333327,0.));
#2113=DIRECTION('',(0.,0.,-1.));
#2114=DIRECTION('',(-1.,0.,0.));
#2115=CARTESIAN_POINT('',(-28.3333333333334,-8.33333333333323,0.));
#2116=CARTESIAN_POINT('',(-28.3333333333333,8.33333333333321,0.));
#2117=CARTESIAN_POINT('',(-28.3333333333334,-8.33333333333323,0.));
#2118=VECTOR('',#2119,1.);
#2119=DIRECTION('',(3.83693077310459E-15,1.,0.));
#2120=CARTESIAN_POINT('',(-31.6666666666666,8.33333333333322,0.));
#2121=AXIS2_PLACEMENT_3D('',#2122,#2123,#2124);
#2122=CARTESIAN_POINT('',(-30.,8.33333333333322,0.));
#2123=DIRECTION('',(0.,0.,-1.));
#2124=DIRECTION('',(-1.,0.,0.));
#2125=CARTESIAN_POINT('',(-31.6666666666667,-8.33333333333322,0.));
#2126=CARTESIAN_POINT('',(-31.6666666666666,8.33333333333323,0.));
#2127=VECTOR('',#2128,1.);
#2128=DIRECTION('',(-3.83693077310459E-15,-1.,0.));
#2129=AXIS2_PLACEMENT_3D('',#2130,#2131,#2132);
#2130=CARTESIAN_POINT('',(-30.,-8.33333333333323,0.));
#2131=DIRECTION('',(0.,0.,-1.));
#2132=DIRECTION('',(1.,-4.26325641456061E-15,0.));
#2133=CARTESIAN_POINT('',(-29.,-35.,0.));
#2134=AXIS2_PLACEMENT_3D('',#2135,#2136,#2137);
#2135=CARTESIAN_POINT('',(-31.,-35.,0.));
#2136=DIRECTION('',(0.,0.,-1.));
#2137=DIRECTION('',(1.,1.22464679914735E-16,0.));
#2138=CARTESIAN_POINT('',(33.,-35.,0.));
#2139=AXIS2_PLACEMENT_3D('',#2140,#2141,#2142);
#2140=CARTESIAN_POINT('',(31.,-35.,0.));
#2141=DIRECTION('',(0.,0.,-1.));
#2142=DIRECTION('',(1.,1.22464679914735E-16,0.));
#2143=CARTESIAN_POINT('',(-29.,35.,0.));
#2144=AXIS2_PLACEMENT_3D('',#2145,#2146,#2147);
#2145=CARTESIAN_POINT('',(-31.,35.,0.));
#2146=DIRECTION('',(0.,0.,-1.));
#2147=DIRECTION('',(1.,1.22464679914735E-16,0.));
#2148=CARTESIAN_POINT('',(33.,35.,0.));
#2149=AXIS2_PLACEMENT_3D('',#2150,#2151,#2152);
#2150=CARTESIAN_POINT('',(31.,35.,0.));
#2151=DIRECTION('',(0.,0.,-1.));
#2152=DIRECTION('',(1.,1.22464679914735E-16,0.));
#2153=CARTESIAN_POINT('',(31.,31.,5.));
#2154=CARTESIAN_POINT('',(31.,31.,5.));
#2155=VECTOR('',#2156,1.);
#2156=DIRECTION('',(-1.,-1.77635683940025E-15,0.));
#2157=CARTESIAN_POINT('',(31.,39.,5.));
#2158=AXIS2_PLACEMENT_3D('',#2159,#2160,#2161);
#2159=CARTESIAN_POINT('',(31.,35.,5.));
#2160=DIRECTION('',(0.,0.,-1.));
#2161=DIRECTION('',(-8.8817841970013E-16,1.,0.));
#2162=CARTESIAN_POINT('',(25.,39.,5.));
#2163=VECTOR('',#2164,1.);
#2164=DIRECTION('',(1.,2.36847578586701E-15,0.));
#2165=CARTESIAN_POINT('',(33.,35.,5.));
#2166=AXIS2_PLACEMENT_3D('',#2167,#2168,#2169);
#2167=CARTESIAN_POINT('',(31.,35.,5.));
#2168=DIRECTION('',(0.,0.,-1.));
#2169=DIRECTION('',(1.,1.22464679914735E-16,0.));
#2170=CARTESIAN_POINT('',(31.,39.,5.));
#2171=VECTOR('',#2172,1.);
#2172=DIRECTION('',(0.,0.,-1.));
#2173=CARTESIAN_POINT('',(31.,-39.,5.));
#2174=CARTESIAN_POINT('',(31.,-39.,5.));
#2175=VECTOR('',#2176,1.);
#2176=DIRECTION('',(0.,0.,-1.));
#2177=CARTESIAN_POINT('',(31.,-39.,5.));
#2178=VECTOR('',#2179,1.);
#2179=DIRECTION('',(-1.,-2.368475785867E-15,0.));
#2180=CARTESIAN_POINT('',(31.,-31.,5.));
#2181=AXIS2_PLACEMENT_3D('',#2182,#2183,#2184);
#2182=CARTESIAN_POINT('',(31.,-35.,5.));
#2183=DIRECTION('',(0.,0.,-1.));
#2184=DIRECTION('',(-8.8817841970013E-16,1.,0.));
#2185=CARTESIAN_POINT('',(25.,-31.,5.));
#2186=VECTOR('',#2187,1.);
#2187=DIRECTION('',(1.,1.1842378929335E-15,0.));
#2188=CARTESIAN_POINT('',(33.,-35.,5.));
#2189=AXIS2_PLACEMENT_3D('',#2190,#2191,#2192);
#2190=CARTESIAN_POINT('',(31.,-35.,5.));
#2191=DIRECTION('',(0.,0.,-1.));
#2192=DIRECTION('',(1.,1.22464679914735E-16,0.));
#2193=CARTESIAN_POINT('',(31.,-31.,5.));
#2194=VECTOR('',#2195,1.);
#2195=DIRECTION('',(0.,0.,-1.));
#2196=CARTESIAN_POINT('',(31.,-15.,5.));
#2197=CARTESIAN_POINT('',(31.,-15.,5.));
#2198=VECTOR('',#2199,1.);
#2199=DIRECTION('',(0.,0.,-1.));
#2200=CARTESIAN_POINT('',(31.,-15.,5.));
#2201=VECTOR('',#2202,1.);
#2202=DIRECTION('',(-1.,0.,0.));
#2203=CARTESIAN_POINT('',(31.,15.,5.));
#2204=CARTESIAN_POINT('',(35.,11.,5.));
#2205=AXIS2_PLACEMENT_3D('',#2206,#2207,#2208);
#2206=CARTESIAN_POINT('',(31.,11.,5.));
#2207=DIRECTION('',(0.,0.,1.));
#2208=DIRECTION('',(1.,0.,0.));
#2209=CARTESIAN_POINT('',(25.,15.,5.));
#2210=VECTOR('',#2211,1.);
#2211=DIRECTION('',(1.,2.96059473233376E-16,0.));
#2212=CARTESIAN_POINT('',(35.,-11.,5.));
#2213=AXIS2_PLACEMENT_3D('',#2214,#2215,#2216);
#2214=CARTESIAN_POINT('',(31.,-11.,5.));
#2215=DIRECTION('',(0.,0.,1.));
#2216=DIRECTION('',(8.88178419700124E-16,-1.,0.));
#2217=CARTESIAN_POINT('',(35.,11.,5.));
#2218=VECTOR('',#2219,1.);
#2219=DIRECTION('',(0.,-1.,0.));
#2220=CARTESIAN_POINT('',(28.3333333333334,-8.33333333333327,5.));
#2221=CARTESIAN_POINT('',(28.3333333333333,8.33333333333327,5.));
#2222=CARTESIAN_POINT('',(28.3333333333334,-8.33333333333328,5.));
#2223=VECTOR('',#2224,1.);
#2224=DIRECTION('',(-6.39488462184095E-15,1.,0.));
#2225=CARTESIAN_POINT('',(31.6666666666666,8.33333333333328,5.));
#2226=AXIS2_PLACEMENT_3D('',#2227,#2228,#2229);
#2227=CARTESIAN_POINT('',(29.9999999999999,8.33333333333327,5.));
#2228=DIRECTION('',(0.,0.,-1.));
#2229=DIRECTION('',(-1.,0.,0.));
#2230=CARTESIAN_POINT('',(31.6666666666667,-8.33333333333326,5.));
#2231=CARTESIAN_POINT('',(31.6666666666666,8.33333333333328,5.));
#2232=VECTOR('',#2233,1.);
#2233=DIRECTION('',(6.39488462184095E-15,-1.,0.));
#2234=AXIS2_PLACEMENT_3D('',#2235,#2236,#2237);
#2235=CARTESIAN_POINT('',(30.,-8.33333333333327,5.));
#2236=DIRECTION('',(0.,0.,-1.));
#2237=DIRECTION('',(1.,6.39488462184091E-15,0.));
#2238=CARTESIAN_POINT('',(31.,15.,5.));
#2239=VECTOR('',#2240,1.);
#2240=DIRECTION('',(0.,0.,-1.));
#2241=CARTESIAN_POINT('',(31.,31.,5.));
#2242=VECTOR('',#2243,1.);
#2243=DIRECTION('',(0.,0.,-1.));
#2244=CARTESIAN_POINT('',(-31.,39.,5.));
#2245=CARTESIAN_POINT('',(-31.,39.,5.));
#2246=VECTOR('',#2247,1.);
#2247=DIRECTION('',(1.,0.,0.));
#2248=CARTESIAN_POINT('',(-31.,31.,5.));
#2249=AXIS2_PLACEMENT_3D('',#2250,#2251,#2252);
#2250=CARTESIAN_POINT('',(-31.,35.,5.));
#2251=DIRECTION('',(0.,0.,-1.));
#2252=DIRECTION('',(-8.88178419700124E-16,-1.,0.));
#2253=CARTESIAN_POINT('',(-25.,31.,5.));
#2254=VECTOR('',#2255,1.);
#2255=DIRECTION('',(-1.,5.9211894646675E-16,0.));
#2256=CARTESIAN_POINT('',(-29.,35.,5.));
#2257=AXIS2_PLACEMENT_3D('',#2258,#2259,#2260);
#2258=CARTESIAN_POINT('',(-31.,35.,5.));
#2259=DIRECTION('',(0.,0.,-1.));
#2260=DIRECTION('',(1.,1.22464679914735E-16,0.));
#2261=CARTESIAN_POINT('',(-31.,31.,5.));
#2262=VECTOR('',#2263,1.);
#2263=DIRECTION('',(0.,0.,-1.));
#2264=CARTESIAN_POINT('',(-31.,15.,5.));
#2265=CARTESIAN_POINT('',(-31.,15.,5.));
#2266=VECTOR('',#2267,1.);
#2267=DIRECTION('',(0.,0.,-1.));
#2268=CARTESIAN_POINT('',(-31.,15.,5.));
#2269=VECTOR('',#2270,1.);
#2270=DIRECTION('',(1.,0.,0.));
#2271=CARTESIAN_POINT('',(-31.,-15.,5.));
#2272=CARTESIAN_POINT('',(-35.,-11.,5.));
#2273=AXIS2_PLACEMENT_3D('',#2274,#2275,#2276);
#2274=CARTESIAN_POINT('',(-31.,-11.,5.));
#2275=DIRECTION('',(0.,0.,1.));
#2276=DIRECTION('',(-1.,-4.44089209850062E-16,0.));
#2277=CARTESIAN_POINT('',(-25.,-15.,5.));
#2278=VECTOR('',#2279,1.);
#2279=DIRECTION('',(-1.,0.,0.));
#2280=CARTESIAN_POINT('',(-35.,11.,5.));
#2281=AXIS2_PLACEMENT_3D('',#2282,#2283,#2284);
#2282=CARTESIAN_POINT('',(-31.,11.,5.));
#2283=DIRECTION('',(0.,0.,1.));
#2284=DIRECTION('',(0.,1.,0.));
#2285=CARTESIAN_POINT('',(-35.,-11.,5.));
#2286=VECTOR('',#2287,1.);
#2287=DIRECTION('',(0.,1.,0.));
#2288=CARTESIAN_POINT('',(-28.3333333333333,8.33333333333321,5.));
#2289=CARTESIAN_POINT('',(-28.3333333333334,-8.33333333333323,5.));
#2290=CARTESIAN_POINT('',(-28.3333333333333,8.33333333333321,5.));
#2291=VECTOR('',#2292,1.);
#2292=DIRECTION('',(-3.83693077310459E-15,-1.,0.));
#2293=CARTESIAN_POINT('',(-31.6666666666667,-8.33333333333322,5.));
#2294=AXIS2_PLACEMENT_3D('',#2295,#2296,#2297);
#2295=CARTESIAN_POINT('',(-30.,-8.33333333333323,5.));
#2296=DIRECTION('',(0.,0.,-1.));
#2297=DIRECTION('',(1.,-4.26325641456061E-15,0.));
#2298=CARTESIAN_POINT('',(-31.6666666666666,8.33333333333322,5.));
#2299=CARTESIAN_POINT('',(-31.6666666666667,-8.33333333333322,5.));
#2300=VECTOR('',#2301,1.);
#2301=DIRECTION('',(3.83693077310459E-15,1.,0.));
#2302=AXIS2_PLACEMENT_3D('',#2303,#2304,#2305);
#2303=CARTESIAN_POINT('',(-30.,8.33333333333322,5.));
#2304=DIRECTION('',(0.,0.,-1.));
#2305=DIRECTION('',(-1.,0.,0.));
#2306=CARTESIAN_POINT('',(-31.,-15.,5.));
#2307=VECTOR('',#2308,1.);
#2308=DIRECTION('',(0.,0.,-1.));
#2309=CARTESIAN_POINT('',(-31.,-31.,5.));
#2310=CARTESIAN_POINT('',(-31.,-31.,5.));
#2311=VECTOR('',#2312,1.);
#2312=DIRECTION('',(0.,0.,-1.));
#2313=CARTESIAN_POINT('',(-31.,-31.,5.));
#2314=VECTOR('',#2315,1.);
#2315=DIRECTION('',(1.,-1.1842378929335E-15,0.));
#2316=CARTESIAN_POINT('',(-31.,-39.,5.));
#2317=AXIS2_PLACEMENT_3D('',#2318,#2319,#2320);
#2318=CARTESIAN_POINT('',(-31.,-35.,5.));
#2319=DIRECTION('',(0.,0.,-1.));
#2320=DIRECTION('',(-8.88178419700124E-16,-1.,0.));
#2321=CARTESIAN_POINT('',(-25.,-39.,5.));
#2322=VECTOR('',#2323,1.);
#2323=DIRECTION('',(-1.,0.,0.));
#2324=CARTESIAN_POINT('',(-29.,-35.,5.));
#2325=AXIS2_PLACEMENT_3D('',#2326,#2327,#2328);
#2326=CARTESIAN_POINT('',(-31.,-35.,5.));
#2327=DIRECTION('',(0.,0.,-1.));
#2328=DIRECTION('',(1.,1.22464679914735E-16,0.));
#2329=CARTESIAN_POINT('',(-31.,-39.,5.));
#2330=VECTOR('',#2331,1.);
#2331=DIRECTION('',(0.,0.,-1.));
#2332=CARTESIAN_POINT('',(-31.,39.,5.));
#2333=VECTOR('',#2334,1.);
#2334=DIRECTION('',(0.,0.,-1.));
#2335=CARTESIAN_POINT('',(-35.,-11.,5.));
#2336=VECTOR('',#2337,1.);
#2337=DIRECTION('',(0.,0.,-1.));
#2338=CARTESIAN_POINT('',(-35.,11.,5.));
#2339=VECTOR('',#2340,1.);
#2340=DIRECTION('',(0.,0.,-1.));
#2341=CARTESIAN_POINT('',(35.,11.,5.));
#2342=VECTOR('',#2343,1.);
#2343=DIRECTION('',(0.,0.,-1.));
#2344=CARTESIAN_POINT('',(35.,-11.,5.));
#2345=VECTOR('',#2346,1.);
#2346=DIRECTION('',(0.,0.,-1.));
#2347=CARTESIAN_POINT('',(28.3333333333333,8.33333333333327,5.));
#2348=VECTOR('',#2349,1.);
#2349=DIRECTION('',(0.,0.,-1.));
#2350=CARTESIAN_POINT('',(28.3333333333334,-8.33333333333327,5.));
#2351=VECTOR('',#2352,1.);
#2352=DIRECTION('',(0.,0.,-1.));
#2353=CARTESIAN_POINT('',(31.6666666666667,-8.33333333333326,5.));
#2354=VECTOR('',#2355,1.);
#2355=DIRECTION('',(0.,0.,-1.));
#2356=CARTESIAN_POINT('',(31.6666666666666,8.33333333333328,5.));
#2357=VECTOR('',#2358,1.);
#2358=DIRECTION('',(0.,0.,-1.));
#2359=CARTESIAN_POINT('',(-28.3333333333334,-8.33333333333323,5.));
#2360=VECTOR('',#2361,1.);
#2361=DIRECTION('',(0.,0.,-1.));
#2362=CARTESIAN_POINT('',(-28.3333333333333,8.33333333333321,5.));
#2363=VECTOR('',#2364,1.);
#2364=DIRECTION('',(0.,0.,-1.));
#2365=CARTESIAN_POINT('',(-31.6666666666666,8.33333333333322,5.));
#2366=VECTOR('',#2367,1.);
#2367=DIRECTION('',(0.,0.,-1.));
#2368=CARTESIAN_POINT('',(-31.6666666666667,-8.33333333333322,5.));
#2369=VECTOR('',#2370,1.);
#2370=DIRECTION('',(0.,0.,-1.));
#2371=CARTESIAN_POINT('',(-48.7,-26.7,2.96059473233375E-16));
#2372=CARTESIAN_POINT('',(-51.7,-23.7,2.96059473233375E-16));
#2373=AXIS2_PLACEMENT_3D('',#2374,#2375,#2376);
#2374=CARTESIAN_POINT('',(-48.7,-23.7,0.));
#2375=DIRECTION('',(0.,0.,1.));
#2376=DIRECTION('',(-1.,3.5527136788005E-15,0.));
#2377=CARTESIAN_POINT('',(48.7,-26.7,2.96059473233375E-16));
#2378=CARTESIAN_POINT('',(-48.7,-26.7,0.));
#2379=VECTOR('',#2380,1.);
#2380=DIRECTION('',(1.,-7.2950999564692E-17,0.));
#2381=CARTESIAN_POINT('',(51.7,-23.7,5.9211894646675E-16));
#2382=AXIS2_PLACEMENT_3D('',#2383,#2384,#2385);
#2383=CARTESIAN_POINT('',(48.7,-23.7,0.));
#2384=DIRECTION('',(0.,0.,1.));
#2385=DIRECTION('',(-2.368475785867E-15,-1.,0.));
#2386=CARTESIAN_POINT('',(51.7,23.7,2.96059473233375E-16));
#2387=CARTESIAN_POINT('',(51.7,-23.7,0.));
#2388=VECTOR('',#2389,1.);
#2389=DIRECTION('',(0.,1.,0.));
#2390=CARTESIAN_POINT('',(48.7,26.7,5.9211894646675E-16));
#2391=AXIS2_PLACEMENT_3D('',#2392,#2393,#2394);
#2392=CARTESIAN_POINT('',(48.7,23.7,0.));
#2393=DIRECTION('',(0.,0.,1.));
#2394=DIRECTION('',(1.,1.1842378929335E-15,0.));
#2395=CARTESIAN_POINT('',(-48.7,26.7,2.96059473233375E-16));
#2396=CARTESIAN_POINT('',(48.7,26.7,0.));
#2397=VECTOR('',#2398,1.);
#2398=DIRECTION('',(-1.,7.2950999564692E-17,0.));
#2399=CARTESIAN_POINT('',(-51.7,23.7,2.96059473233375E-16));
#2400=AXIS2_PLACEMENT_3D('',#2401,#2402,#2403);
#2401=CARTESIAN_POINT('',(-48.7,23.7,0.));
#2402=DIRECTION('',(0.,0.,1.));
#2403=DIRECTION('',(0.,1.,0.));
#2404=CARTESIAN_POINT('',(-51.7,23.7,0.));
#2405=VECTOR('',#2406,1.);
#2406=DIRECTION('',(0.,-1.,0.));
#2407=CARTESIAN_POINT('',(2.75545529808154E-16,1.5,0.));
#2408=AXIS2_PLACEMENT_3D('',#2409,#2410,#2411);
#2409=CARTESIAN_POINT('',(0.,0.,0.));
#2410=DIRECTION('',(0.,0.,1.));
#2411=DIRECTION('',(6.12323399573677E-17,1.,0.));
#2412=CARTESIAN_POINT('',(48.7,20.7,-3.));
#2413=CARTESIAN_POINT('',(45.7,23.7,-3.));
#2414=AXIS2_PLACEMENT_3D('',#2415,#2416,#2417);
#2415=CARTESIAN_POINT('',(45.7,20.7,-3.));
#2416=DIRECTION('',(0.,0.,-1.));
#2417=DIRECTION('',(2.368475785867E-15,1.,0.));
#2418=CARTESIAN_POINT('',(48.7,-20.7,-3.));
#2419=CARTESIAN_POINT('',(48.7,-20.7,-3.));
#2420=VECTOR('',#2421,1.);
#2421=DIRECTION('',(0.,1.,0.));
#2422=CARTESIAN_POINT('',(45.7,-23.7,-3.));
#2423=AXIS2_PLACEMENT_3D('',#2424,#2425,#2426);
#2424=CARTESIAN_POINT('',(45.7,-20.7,-3.));
#2425=DIRECTION('',(0.,0.,-1.));
#2426=DIRECTION('',(1.,-2.36847578586701E-15,0.));
#2427=CARTESIAN_POINT('',(-45.7,-23.7,-3.));
#2428=CARTESIAN_POINT('',(-45.7,-23.7,-3.));
#2429=VECTOR('',#2430,1.);
#2430=DIRECTION('',(1.,-7.77399054442122E-17,-4.85874409026327E-18));
#2431=CARTESIAN_POINT('',(-48.7,-20.7,-3.));
#2432=AXIS2_PLACEMENT_3D('',#2433,#2434,#2435);
#2433=CARTESIAN_POINT('',(-45.7,-20.7,-3.));
#2434=DIRECTION('',(0.,0.,-1.));
#2435=DIRECTION('',(0.,-1.,0.));
#2436=CARTESIAN_POINT('',(-48.7,20.7,-3.));
#2437=CARTESIAN_POINT('',(-48.7,20.7,-3.));
#2438=VECTOR('',#2439,1.);
#2439=DIRECTION('',(0.,-1.,0.));
#2440=CARTESIAN_POINT('',(-45.7,23.7,-3.));
#2441=AXIS2_PLACEMENT_3D('',#2442,#2443,#2444);
#2442=CARTESIAN_POINT('',(-45.7,20.7,-3.));
#2443=DIRECTION('',(0.,0.,-1.));
#2444=DIRECTION('',(-1.,0.,0.));
#2445=CARTESIAN_POINT('',(45.7,23.7,-3.));
#2446=VECTOR('',#2447,1.);
#2447=DIRECTION('',(-1.,7.77399054442123E-17,4.85874409026327E-18));
#2448=CARTESIAN_POINT('',(2.75545529808154E-16,1.5,-3.));
#2449=AXIS2_PLACEMENT_3D('',#2450,#2451,#2452);
#2450=CARTESIAN_POINT('',(0.,0.,-3.));
#2451=DIRECTION('',(0.,0.,1.));
#2452=DIRECTION('',(6.12323399573677E-17,1.,0.));
#2453=CARTESIAN_POINT('',(-51.7,-23.7,-10.));
#2454=CARTESIAN_POINT('',(-51.7,-23.7,-10.));
#2455=VECTOR('',#2456,1.);
#2456=DIRECTION('',(0.,0.,1.));
#2457=CARTESIAN_POINT('',(-48.7,-26.7,-10.));
#2458=AXIS2_PLACEMENT_3D('',#2459,#2460,#2461);
#2459=CARTESIAN_POINT('',(-48.7,-23.7,-10.));
#2460=DIRECTION('',(0.,0.,-1.));
#2461=DIRECTION('',(0.,-1.,0.));
#2462=CARTESIAN_POINT('',(-48.7,-26.7,-10.));
#2463=VECTOR('',#2464,1.);
#2464=DIRECTION('',(0.,0.,1.));
#2465=CARTESIAN_POINT('',(48.7,-26.7,-10.));
#2466=CARTESIAN_POINT('',(-48.7,-26.7,-10.));
#2467=VECTOR('',#2468,1.);
#2468=DIRECTION('',(1.,-7.2950999564692E-17,0.));
#2469=CARTESIAN_POINT('',(48.7,-26.7,-10.));
#2470=VECTOR('',#2471,1.);
#2471=DIRECTION('',(-1.4210854715202E-15,0.,1.));
#2472=CARTESIAN_POINT('',(51.7,-23.7,-10.));
#2473=AXIS2_PLACEMENT_3D('',#2474,#2475,#2476);
#2474=CARTESIAN_POINT('',(48.7,-23.7,-10.));
#2475=DIRECTION('',(0.,0.,-1.));
#2476=DIRECTION('',(1.,-1.18423789293351E-15,0.));
#2477=CARTESIAN_POINT('',(51.7,-23.7,-10.));
#2478=VECTOR('',#2479,1.);
#2479=DIRECTION('',(0.,0.,1.));
#2480=CARTESIAN_POINT('',(51.7,23.7,-10.));
#2481=CARTESIAN_POINT('',(51.7,-23.7,-10.));
#2482=VECTOR('',#2483,1.);
#2483=DIRECTION('',(0.,1.,0.));
#2484=CARTESIAN_POINT('',(51.7,23.7,-10.));
#2485=VECTOR('',#2486,1.);
#2486=DIRECTION('',(0.,-3.5527136788005E-16,1.));
#2487=CARTESIAN_POINT('',(48.7,26.7,-10.));
#2488=AXIS2_PLACEMENT_3D('',#2489,#2490,#2491);
#2489=CARTESIAN_POINT('',(48.7,23.7,-10.));
#2490=DIRECTION('',(0.,0.,-1.));
#2491=DIRECTION('',(0.,1.,0.));
#2492=CARTESIAN_POINT('',(48.7,26.7,-10.));
#2493=VECTOR('',#2494,1.);
#2494=DIRECTION('',(0.,-3.5527136788005E-16,1.));
#2495=CARTESIAN_POINT('',(-48.7,26.7,-10.));
#2496=CARTESIAN_POINT('',(48.7,26.7,-10.));
#2497=VECTOR('',#2498,1.);
#2498=DIRECTION('',(-1.,7.2950999564692E-17,0.));
#2499=CARTESIAN_POINT('',(-48.7,26.7,-10.));
#2500=VECTOR('',#2501,1.);
#2501=DIRECTION('',(1.4210854715202E-15,0.,1.));
#2502=CARTESIAN_POINT('',(-51.7,23.7,-10.));
#2503=AXIS2_PLACEMENT_3D('',#2504,#2505,#2506);
#2504=CARTESIAN_POINT('',(-48.7,23.7,-10.));
#2505=DIRECTION('',(0.,0.,-1.));
#2506=DIRECTION('',(-1.,0.,0.));
#2507=CARTESIAN_POINT('',(-51.7,23.7,-10.));
#2508=VECTOR('',#2509,1.);
#2509=DIRECTION('',(0.,0.,1.));
#2510=CARTESIAN_POINT('',(-51.7,23.7,-10.));
#2511=VECTOR('',#2512,1.);
#2512=DIRECTION('',(0.,-1.,0.));
#2513=CARTESIAN_POINT('',(48.7,20.7,-10.));
#2514=CARTESIAN_POINT('',(48.7,20.7,-10.));
#2515=VECTOR('',#2516,1.);
#2516=DIRECTION('',(0.,0.,1.));
#2517=CARTESIAN_POINT('',(45.7,23.7,-10.));
#2518=CARTESIAN_POINT('',(45.7,23.7,-10.));
#2519=VECTOR('',#2520,1.);
#2520=DIRECTION('',(0.,0.,1.));
#2521=AXIS2_PLACEMENT_3D('',#2522,#2523,#2524);
#2522=CARTESIAN_POINT('',(45.7,20.7,-10.));
#2523=DIRECTION('',(0.,0.,1.));
#2524=DIRECTION('',(1.,3.5527136788005E-15,0.));
#2525=CARTESIAN_POINT('',(48.7,-20.7,-10.));
#2526=CARTESIAN_POINT('',(48.7,-20.7,-10.));
#2527=VECTOR('',#2528,1.);
#2528=DIRECTION('',(0.,1.,0.));
#2529=CARTESIAN_POINT('',(48.7,-20.7,-10.));
#2530=VECTOR('',#2531,1.);
#2531=DIRECTION('',(0.,0.,1.));
#2532=CARTESIAN_POINT('',(45.7,-23.7,-10.));
#2533=CARTESIAN_POINT('',(45.7,-23.7,-10.));
#2534=VECTOR('',#2535,1.);
#2535=DIRECTION('',(-1.01506105108586E-15,0.,1.));
#2536=AXIS2_PLACEMENT_3D('',#2537,#2538,#2539);
#2537=CARTESIAN_POINT('',(45.7,-20.7,-10.));
#2538=DIRECTION('',(0.,0.,1.));
#2539=DIRECTION('',(4.73695157173399E-15,-1.,0.));
#2540=CARTESIAN_POINT('',(-45.7,-23.7,-10.));
#2541=CARTESIAN_POINT('',(-45.7,-23.7,-10.));
#2542=VECTOR('',#2543,1.);
#2543=DIRECTION('',(1.,-7.77399054442122E-17,0.));
#2544=CARTESIAN_POINT('',(-45.7,-23.7,-10.));
#2545=VECTOR('',#2546,1.);
#2546=DIRECTION('',(0.,0.,1.));
#2547=CARTESIAN_POINT('',(-48.7,-20.7,-10.));
#2548=CARTESIAN_POINT('',(-48.7,-20.7,-10.));
#2549=VECTOR('',#2550,1.);
#2550=DIRECTION('',(0.,0.,1.));
#2551=AXIS2_PLACEMENT_3D('',#2552,#2553,#2554);
#2552=CARTESIAN_POINT('',(-45.7,-20.7,-10.));
#2553=DIRECTION('',(0.,0.,1.));
#2554=DIRECTION('',(-1.,-3.5527136788005E-15,0.));
#2555=CARTESIAN_POINT('',(-48.7,20.7,-10.));
#2556=CARTESIAN_POINT('',(-48.7,20.7,-10.));
#2557=VECTOR('',#2558,1.);
#2558=DIRECTION('',(0.,-1.,0.));
#2559=CARTESIAN_POINT('',(-48.7,20.7,-10.));
#2560=VECTOR('',#2561,1.);
#2561=DIRECTION('',(0.,0.,1.));
#2562=CARTESIAN_POINT('',(-45.7,23.7,-10.));
#2563=CARTESIAN_POINT('',(-45.7,23.7,-10.));
#2564=VECTOR('',#2565,1.);
#2565=DIRECTION('',(0.,0.,1.));
#2566=AXIS2_PLACEMENT_3D('',#2567,#2568,#2569);
#2567=CARTESIAN_POINT('',(-45.7,20.7,-10.));
#2568=DIRECTION('',(0.,0.,1.));
#2569=DIRECTION('',(0.,1.,0.));
#2570=CARTESIAN_POINT('',(45.7,23.7,-10.));
#2571=VECTOR('',#2572,1.);
#2572=DIRECTION('',(-1.,7.77399054442123E-17,0.));
ENDSEC;
END-ISO-10303-21;
